Store,Date,y_pred,y_true,model
1,2012-02-03,1431351.4,1636339.65,deepar_exog
1,2012-02-10,1438153.9,1802477.43,deepar_exog
1,2012-02-17,1409016.1,1819870.0,deepar_exog
1,2012-02-24,1338786.4,1539387.83,deepar_exog
1,2012-03-02,1429451.2,1688420.76,deepar_exog
1,2012-03-09,1410270.9,1675431.16,deepar_exog
1,2012-03-16,1389597.9,1677472.78,deepar_exog
1,2012-03-23,1333235.9,1511068.07,deepar_exog
1,2012-03-30,1297065.2,1649604.63,deepar_exog
1,2012-04-06,1388600.4,1899676.88,deepar_exog
1,2012-04-13,1350547.6,1621031.7,deepar_exog
1,2012-04-20,1328840.8,1521577.87,deepar_exog
1,2012-04-27,1278587.2,1468928.37,deepar_exog
1,2012-05-04,1383523.9,1684519.99,deepar_exog
1,2012-05-11,1353125.5,1611096.05,deepar_exog
1,2012-05-18,1333130.1,1595901.87,deepar_exog
1,2012-05-25,1314057.0,1555444.55,deepar_exog
1,2012-06-01,1392371.4,1624477.58,deepar_exog
1,2012-06-08,1390593.9,1697230.96,deepar_exog
1,2012-06-15,1356981.6,1630607.0,deepar_exog
1,2012-06-22,1329644.8,1527845.81,deepar_exog
1,2012-06-29,1302219.2,1540421.49,deepar_exog
1,2012-07-06,1339526.0,1769854.16,deepar_exog
1,2012-07-13,1343968.8,1527014.04,deepar_exog
1,2012-07-20,1295904.1,1497954.76,deepar_exog
1,2012-07-27,1277343.8,1439123.71,deepar_exog
1,2012-08-03,1379795.4,1631135.79,deepar_exog
1,2012-08-10,1349756.0,1592409.97,deepar_exog
1,2012-08-17,1344984.6,1597868.05,deepar_exog
1,2012-08-24,1300299.9,1494122.38,deepar_exog
1,2012-08-31,1276781.1,1582083.4,deepar_exog
1,2012-09-07,1356499.6,1661767.33,deepar_exog
1,2012-09-14,1334034.4,1517428.87,deepar_exog
1,2012-09-21,1298991.2,1506126.06,deepar_exog
1,2012-09-28,1291960.1,1437059.26,deepar_exog
1,2012-10-05,1346138.1,1670785.97,deepar_exog
1,2012-10-12,1369781.1,1573072.81,deepar_exog
1,2012-10-19,1363609.6,1508068.77,deepar_exog
1,2012-10-26,1355183.6,1493659.74,deepar_exog
2,2012-02-03,1775328.8,1935299.94,deepar_exog
2,2012-02-10,1771142.1,2103322.68,deepar_exog
2,2012-02-17,1759714.8,2196688.46,deepar_exog
2,2012-02-24,1722964.4,1861802.7,deepar_exog
2,2012-03-02,1792382.1,1952555.66,deepar_exog
2,2012-03-09,1762997.2,1937628.26,deepar_exog
2,2012-03-16,1810118.2,1976082.13,deepar_exog
2,2012-03-23,1763789.8,1790439.16,deepar_exog
2,2012-03-30,1751616.8,1857480.84,deepar_exog
2,2012-04-06,1820600.4,2129035.91,deepar_exog
2,2012-04-13,1829013.6,1935869.1,deepar_exog
2,2012-04-20,1782414.1,1847344.45,deepar_exog
2,2012-04-27,1720563.0,1764133.09,deepar_exog
2,2012-05-04,1847688.0,1923957.09,deepar_exog
2,2012-05-11,1845905.2,1917520.99,deepar_exog
2,2012-05-18,1788744.4,2000940.67,deepar_exog
2,2012-05-25,1775779.2,1912791.09,deepar_exog
2,2012-06-01,1902212.1,1910092.37,deepar_exog
2,2012-06-08,1898573.6,2010216.49,deepar_exog
2,2012-06-15,1840048.6,1962924.3,deepar_exog
2,2012-06-22,1788665.2,1887733.21,deepar_exog
2,2012-06-29,1804106.8,1881046.12,deepar_exog
2,2012-07-06,1865137.5,2041507.4,deepar_exog
2,2012-07-13,1803881.2,1830075.13,deepar_exog
2,2012-07-20,1797306.1,1819666.46,deepar_exog
2,2012-07-27,1778417.1,1757923.88,deepar_exog
2,2012-08-03,1829256.6,1946104.64,deepar_exog
2,2012-08-10,1839321.0,1866719.96,deepar_exog
2,2012-08-17,1790124.8,1928016.01,deepar_exog
2,2012-08-24,1749886.2,1876788.15,deepar_exog
2,2012-08-31,1716065.9,1947083.3,deepar_exog
2,2012-09-07,1815140.5,1898777.07,deepar_exog
2,2012-09-14,1739013.6,1814806.63,deepar_exog
2,2012-09-21,1700110.1,1829415.67,deepar_exog
2,2012-09-28,1698289.2,1746470.56,deepar_exog
2,2012-10-05,1803175.5,1998321.04,deepar_exog
2,2012-10-12,1789468.1,1900745.13,deepar_exog
2,2012-10-19,1774147.2,1847990.41,deepar_exog
2,2012-10-26,1792119.0,1834458.35,deepar_exog
3,2012-02-03,406470.03,424960.66,deepar_exog
3,2012-02-10,406207.6,473292.47,deepar_exog
3,2012-02-17,385686.0,475591.08,deepar_exog
3,2012-02-24,381491.28,418925.47,deepar_exog
3,2012-03-02,388481.12,469752.56,deepar_exog
3,2012-03-09,380819.9,445162.05,deepar_exog
3,2012-03-16,372957.75,411775.8,deepar_exog
3,2012-03-23,366757.56,413907.25,deepar_exog
3,2012-03-30,365497.4,407488.84,deepar_exog
3,2012-04-06,385475.6,503232.13,deepar_exog
3,2012-04-13,381362.88,420789.74,deepar_exog
3,2012-04-20,376510.3,434822.13,deepar_exog
3,2012-04-27,376299.0,394616.11,deepar_exog
3,2012-05-04,393230.9,439913.57,deepar_exog
3,2012-05-11,391179.03,431985.36,deepar_exog
3,2012-05-18,380879.0,418112.76,deepar_exog
3,2012-05-25,383116.97,413701.29,deepar_exog
3,2012-06-01,400083.03,432268.53,deepar_exog
3,2012-06-08,386841.7,446336.8,deepar_exog
3,2012-06-15,396382.38,442074.79,deepar_exog
3,2012-06-22,380692.1,419497.95,deepar_exog
3,2012-06-29,381017.97,422965.33,deepar_exog
3,2012-07-06,386598.62,411206.5,deepar_exog
3,2012-07-13,389239.16,416913.1,deepar_exog
3,2012-07-20,375380.9,432424.85,deepar_exog
3,2012-07-27,375221.8,389427.9,deepar_exog
3,2012-08-03,387585.9,419990.29,deepar_exog
3,2012-08-10,382215.47,391811.6,deepar_exog
3,2012-08-17,385920.88,394918.83,deepar_exog
3,2012-08-24,373002.2,412449.67,deepar_exog
3,2012-08-31,375402.44,408838.73,deepar_exog
3,2012-09-07,389476.88,408229.73,deepar_exog
3,2012-09-14,376802.84,407589.16,deepar_exog
3,2012-09-21,372416.2,414392.09,deepar_exog
3,2012-09-28,373296.75,389813.02,deepar_exog
3,2012-10-05,391851.0,443557.65,deepar_exog
3,2012-10-12,385902.0,410804.39,deepar_exog
3,2012-10-19,389885.03,424513.08,deepar_exog
3,2012-10-26,395708.97,405432.7,deepar_exog
4,2012-02-03,1952004.1,2173373.91,deepar_exog
4,2012-02-10,1959361.2,2374660.64,deepar_exog
4,2012-02-17,1924513.9,2427640.17,deepar_exog
4,2012-02-24,1800190.9,2226662.17,deepar_exog
4,2012-03-02,2004826.8,2206319.9,deepar_exog
4,2012-03-09,1995298.4,2202450.81,deepar_exog
4,2012-03-16,2015909.6,2214967.44,deepar_exog
4,2012-03-23,1982069.6,2091592.54,deepar_exog
4,2012-03-30,2026981.0,2089381.77,deepar_exog
4,2012-04-06,2076661.5,2470206.13,deepar_exog
4,2012-04-13,2038494.8,2105301.39,deepar_exog
4,2012-04-20,1996540.5,2144336.89,deepar_exog
4,2012-04-27,1974579.5,2064065.66,deepar_exog
4,2012-05-04,2108544.8,2196968.33,deepar_exog
4,2012-05-11,1949903.0,2127661.17,deepar_exog
4,2012-05-18,1909409.1,2207214.81,deepar_exog
4,2012-05-25,1886634.2,2154137.67,deepar_exog
4,2012-06-01,2046422.4,2179360.94,deepar_exog
4,2012-06-08,2007480.6,2245257.18,deepar_exog
4,2012-06-15,1961165.1,2234190.93,deepar_exog
4,2012-06-22,1919410.4,2197299.65,deepar_exog
4,2012-06-29,1887753.6,2128362.92,deepar_exog
4,2012-07-06,1985243.0,2224499.28,deepar_exog
4,2012-07-13,1949114.1,2100252.61,deepar_exog
4,2012-07-20,1859220.5,2175563.69,deepar_exog
4,2012-07-27,1810831.5,2048613.65,deepar_exog
4,2012-08-03,1950581.9,2174514.13,deepar_exog
4,2012-08-10,1945861.6,2193367.69,deepar_exog
4,2012-08-17,1864124.8,2283540.3,deepar_exog
4,2012-08-24,1732711.6,2125241.68,deepar_exog
4,2012-08-31,1702279.6,2081181.35,deepar_exog
4,2012-09-07,1851328.4,2125104.72,deepar_exog
4,2012-09-14,1664433.5,2117854.6,deepar_exog
4,2012-09-21,1623155.5,2119438.53,deepar_exog
4,2012-09-28,1636008.4,2027620.23,deepar_exog
4,2012-10-05,1708097.6,2209835.43,deepar_exog
4,2012-10-12,1673650.9,2133026.07,deepar_exog
4,2012-10-19,1633360.4,2097266.85,deepar_exog
4,2012-10-26,1642219.0,2149594.46,deepar_exog
5,2012-02-03,322063.47,333948.0,deepar_exog
5,2012-02-10,309525.3,349239.88,deepar_exog
5,2012-02-17,304178.2,356427.98,deepar_exog
5,2012-02-24,297374.62,312220.47,deepar_exog
5,2012-03-02,311233.7,359206.21,deepar_exog
5,2012-03-09,306954.16,347295.6,deepar_exog
5,2012-03-16,300573.12,339392.54,deepar_exog
5,2012-03-23,300887.9,321299.99,deepar_exog
5,2012-03-30,296546.94,331318.73,deepar_exog
5,2012-04-06,310753.6,402985.7,deepar_exog
5,2012-04-13,303925.1,351832.03,deepar_exog
5,2012-04-20,297240.06,330063.06,deepar_exog
5,2012-04-27,293073.22,324839.74,deepar_exog
5,2012-05-04,308327.8,360932.69,deepar_exog
5,2012-05-11,302838.97,333870.52,deepar_exog
5,2012-05-18,294958.2,336189.66,deepar_exog
5,2012-05-25,291512.3,341994.48,deepar_exog
5,2012-06-01,311507.25,359867.8,deepar_exog
5,2012-06-08,304292.75,341704.59,deepar_exog
5,2012-06-15,300142.62,327383.64,deepar_exog
5,2012-06-22,291439.47,325041.68,deepar_exog
5,2012-06-29,290460.2,329658.1,deepar_exog
5,2012-07-06,296419.3,341214.43,deepar_exog
5,2012-07-13,289993.66,316203.64,deepar_exog
5,2012-07-20,293830.94,321205.12,deepar_exog
5,2012-07-27,287608.2,306827.36,deepar_exog
5,2012-08-03,300764.62,324195.17,deepar_exog
5,2012-08-10,296764.38,306759.7,deepar_exog
5,2012-08-17,291969.22,314014.18,deepar_exog
5,2012-08-24,288276.03,320831.36,deepar_exog
5,2012-08-31,279139.22,344642.01,deepar_exog
5,2012-09-07,294561.25,350648.91,deepar_exog
5,2012-09-14,285546.8,299800.67,deepar_exog
5,2012-09-21,276080.06,307306.76,deepar_exog
5,2012-09-28,289335.38,310141.68,deepar_exog
5,2012-10-05,306366.88,343048.29,deepar_exog
5,2012-10-12,309274.4,325345.41,deepar_exog
5,2012-10-19,301975.78,313358.15,deepar_exog
5,2012-10-26,318805.38,319550.77,deepar_exog
6,2012-02-03,1402825.6,1496305.78,deepar_exog
6,2012-02-10,1383534.8,1620603.92,deepar_exog
6,2012-02-17,1371961.6,1632616.09,deepar_exog
6,2012-02-24,1296770.8,1465187.71,deepar_exog
6,2012-03-02,1386395.5,1550385.65,deepar_exog
6,2012-03-09,1363116.8,1569304.4,deepar_exog
6,2012-03-16,1348333.8,1748010.29,deepar_exog
6,2012-03-23,1323962.0,1495143.62,deepar_exog
6,2012-03-30,1291366.1,1508933.26,deepar_exog
6,2012-04-06,1433237.5,1840131.19,deepar_exog
6,2012-04-13,1387119.5,1616394.45,deepar_exog
6,2012-04-20,1364488.0,1456073.24,deepar_exog
6,2012-04-27,1356991.2,1456221.1,deepar_exog
6,2012-05-04,1479010.2,1543461.12,deepar_exog
6,2012-05-11,1415449.8,1517075.67,deepar_exog
6,2012-05-18,1376325.5,1513635.64,deepar_exog
6,2012-05-25,1365557.9,1603793.42,deepar_exog
6,2012-06-01,1500383.4,1681121.38,deepar_exog
6,2012-06-08,1438576.5,1696619.52,deepar_exog
6,2012-06-15,1404504.5,1642247.48,deepar_exog
6,2012-06-22,1368702.4,1618272.25,deepar_exog
6,2012-06-29,1388853.1,1648863.46,deepar_exog
6,2012-07-06,1467620.4,1876359.39,deepar_exog
6,2012-07-13,1392648.1,1588142.26,deepar_exog
6,2012-07-20,1373124.8,1574361.97,deepar_exog
6,2012-07-27,1366698.8,1513229.16,deepar_exog
6,2012-08-03,1447747.9,1627274.93,deepar_exog
6,2012-08-10,1401973.8,1588380.73,deepar_exog
6,2012-08-17,1388864.6,1543049.52,deepar_exog
6,2012-08-24,1349394.1,1501095.49,deepar_exog
6,2012-08-31,1345131.6,1577439.81,deepar_exog
6,2012-09-07,1436768.5,1608077.01,deepar_exog
6,2012-09-14,1375080.8,1375166.86,deepar_exog
6,2012-09-21,1317361.2,1425603.65,deepar_exog
6,2012-09-28,1336468.2,1369131.46,deepar_exog
6,2012-10-05,1389215.4,1518177.71,deepar_exog
6,2012-10-12,1368057.1,1459396.84,deepar_exog
6,2012-10-19,1338809.0,1436883.99,deepar_exog
6,2012-10-26,1360449.1,1431426.34,deepar_exog
7,2012-02-03,566802.2,580453.32,deepar_exog
7,2012-02-10,569363.4,563460.77,deepar_exog
7,2012-02-17,562731.25,620908.18,deepar_exog
7,2012-02-24,542050.6,603041.14,deepar_exog
7,2012-03-02,576640.0,551058.13,deepar_exog
7,2012-03-09,565925.9,579166.5,deepar_exog
7,2012-03-16,576106.06,669205.73,deepar_exog
7,2012-03-23,560627.8,615997.29,deepar_exog
7,2012-03-30,585008.7,583322.2,deepar_exog
7,2012-04-06,614637.75,621425.98,deepar_exog
7,2012-04-13,606661.6,517420.23,deepar_exog
7,2012-04-20,601415.0,457340.06,deepar_exog
7,2012-04-27,611206.06,467827.75,deepar_exog
7,2012-05-04,638550.2,465198.89,deepar_exog
7,2012-05-11,635934.94,460397.41,deepar_exog
7,2012-05-18,639501.4,468428.3,deepar_exog
7,2012-05-25,616719.2,532739.77,deepar_exog
7,2012-06-01,655309.44,598495.02,deepar_exog
7,2012-06-08,653955.2,642963.75,deepar_exog
7,2012-06-15,634524.25,666942.02,deepar_exog
7,2012-06-22,626889.8,687344.68,deepar_exog
7,2012-06-29,624836.25,704335.41,deepar_exog
7,2012-07-06,643348.25,805642.61,deepar_exog
7,2012-07-13,615832.4,694150.89,deepar_exog
7,2012-07-20,620515.1,686345.69,deepar_exog
7,2012-07-27,604055.5,686365.4,deepar_exog
7,2012-08-03,624195.06,680954.81,deepar_exog
7,2012-08-10,615074.2,675926.3,deepar_exog
7,2012-08-17,612925.6,642450.4,deepar_exog
7,2012-08-24,603368.7,609099.37,deepar_exog
7,2012-08-31,594578.25,586467.16,deepar_exog
7,2012-09-07,620354.4,597876.55,deepar_exog
7,2012-09-14,621772.7,541120.2,deepar_exog
7,2012-09-21,620725.8,530842.25,deepar_exog
7,2012-09-28,630750.94,525545.76,deepar_exog
7,2012-10-05,639759.5,505830.56,deepar_exog
7,2012-10-12,661132.25,503463.93,deepar_exog
7,2012-10-19,648963.8,516424.83,deepar_exog
7,2012-10-26,647930.5,495543.28,deepar_exog
8,2012-02-03,872578.8,927610.69,deepar_exog
8,2012-02-10,897725.25,1021400.42,deepar_exog
8,2012-02-17,882359.4,1096232.89,deepar_exog
8,2012-02-24,858767.25,928537.54,deepar_exog
8,2012-03-02,905393.8,952264.91,deepar_exog
8,2012-03-09,876508.8,960115.56,deepar_exog
8,2012-03-16,880862.0,921178.39,deepar_exog
8,2012-03-23,842352.4,874223.25,deepar_exog
8,2012-03-30,840979.4,905935.29,deepar_exog
8,2012-04-06,889931.75,1046816.59,deepar_exog
8,2012-04-13,886796.6,909989.45,deepar_exog
8,2012-04-20,875662.2,872288.46,deepar_exog
8,2012-04-27,852211.06,879448.25,deepar_exog
8,2012-05-04,910319.25,937232.09,deepar_exog
8,2012-05-11,906766.25,920128.89,deepar_exog
8,2012-05-18,911298.25,913922.01,deepar_exog
8,2012-05-25,885545.5,895157.44,deepar_exog
8,2012-06-01,910104.3,921161.2,deepar_exog
8,2012-06-08,898843.25,928820.0,deepar_exog
8,2012-06-15,880752.06,916918.7,deepar_exog
8,2012-06-22,874688.2,899449.65,deepar_exog
8,2012-06-29,855482.8,878298.22,deepar_exog
8,2012-07-06,881544.6,936205.5,deepar_exog
8,2012-07-13,875581.6,890488.01,deepar_exog
8,2012-07-20,863848.0,888834.07,deepar_exog
8,2012-07-27,849908.4,838227.52,deepar_exog
8,2012-08-03,890170.2,897076.73,deepar_exog
8,2012-08-10,862846.3,930745.69,deepar_exog
8,2012-08-17,855765.06,896613.19,deepar_exog
8,2012-08-24,843731.2,936373.65,deepar_exog
8,2012-08-31,843491.2,976137.73,deepar_exog
8,2012-09-07,872704.8,932160.37,deepar_exog
8,2012-09-14,865280.75,883569.38,deepar_exog
8,2012-09-21,857607.44,857796.45,deepar_exog
8,2012-09-28,850635.7,884724.41,deepar_exog
8,2012-10-05,903890.8,976436.02,deepar_exog
8,2012-10-12,896529.7,927511.99,deepar_exog
8,2012-10-19,907496.3,900309.75,deepar_exog
8,2012-10-26,925521.44,891671.44,deepar_exog
9,2012-02-03,541806.75,549967.89,deepar_exog
9,2012-02-10,537264.56,609736.12,deepar_exog
9,2012-02-17,545510.6,658965.05,deepar_exog
9,2012-02-24,529689.75,563578.79,deepar_exog
9,2012-03-02,543765.1,619498.28,deepar_exog
9,2012-03-09,533412.25,574955.95,deepar_exog
9,2012-03-16,540916.1,550373.57,deepar_exog
9,2012-03-23,524138.16,550791.32,deepar_exog
9,2012-03-30,526209.56,574985.37,deepar_exog
9,2012-04-06,549923.2,677885.99,deepar_exog
9,2012-04-13,541854.8,578539.86,deepar_exog
9,2012-04-20,529694.5,542819.03,deepar_exog
9,2012-04-27,530559.56,550414.99,deepar_exog
9,2012-05-04,549070.56,586289.08,deepar_exog
9,2012-05-11,534887.8,592572.3,deepar_exog
9,2012-05-18,528791.25,571463.93,deepar_exog
9,2012-05-25,530794.94,547226.0,deepar_exog
9,2012-06-01,553060.56,583648.59,deepar_exog
9,2012-06-08,541885.75,582525.42,deepar_exog
9,2012-06-15,540795.25,564606.1,deepar_exog
9,2012-06-22,534153.75,562173.12,deepar_exog
9,2012-06-29,533678.4,544770.7,deepar_exog
9,2012-07-06,544017.94,578790.36,deepar_exog
9,2012-07-13,537765.9,536537.64,deepar_exog
9,2012-07-20,524158.9,513991.57,deepar_exog
9,2012-07-27,512831.12,495951.0,deepar_exog
9,2012-08-03,532521.94,533887.54,deepar_exog
9,2012-08-10,528932.75,538713.47,deepar_exog
9,2012-08-17,523711.7,535153.47,deepar_exog
9,2012-08-24,509549.56,572887.78,deepar_exog
9,2012-08-31,501616.56,576879.15,deepar_exog
9,2012-09-07,535834.4,565812.29,deepar_exog
9,2012-09-14,512998.03,523427.35,deepar_exog
9,2012-09-21,503583.6,533756.88,deepar_exog
9,2012-09-28,515337.03,516361.06,deepar_exog
9,2012-10-05,528624.94,606755.3,deepar_exog
9,2012-10-12,526772.94,558464.8,deepar_exog
9,2012-10-19,513308.12,542009.46,deepar_exog
9,2012-10-26,505390.7,549731.49,deepar_exog
10,2012-02-03,1984172.8,1867403.01,deepar_exog
10,2012-02-10,2018005.8,2218595.8,deepar_exog
10,2012-02-17,1947083.6,2168709.76,deepar_exog
10,2012-02-24,1870351.4,2039415.74,deepar_exog
10,2012-03-02,1915558.2,1990371.02,deepar_exog
10,2012-03-09,1891643.9,1917483.1,deepar_exog
10,2012-03-16,1856911.6,1930814.66,deepar_exog
10,2012-03-23,1768615.6,1837457.69,deepar_exog
10,2012-03-30,1770806.2,1815760.42,deepar_exog
10,2012-04-06,1886562.5,2163384.17,deepar_exog
10,2012-04-13,1843393.0,1974687.51,deepar_exog
10,2012-04-20,1841693.2,1777166.53,deepar_exog
10,2012-04-27,1826067.2,1712987.56,deepar_exog
10,2012-05-04,1912943.6,1821364.42,deepar_exog
10,2012-05-11,1869678.9,1792345.3,deepar_exog
10,2012-05-18,1870393.8,1795152.73,deepar_exog
10,2012-05-25,1802184.0,1830939.1,deepar_exog
10,2012-06-01,1920307.5,1767471.48,deepar_exog
10,2012-06-08,1905099.0,1840491.41,deepar_exog
10,2012-06-15,1844355.9,1811562.88,deepar_exog
10,2012-06-22,1817470.8,1755334.18,deepar_exog
10,2012-06-29,1793722.4,1707481.9,deepar_exog
10,2012-07-06,1869176.8,1805999.79,deepar_exog
10,2012-07-13,1873115.0,1765571.91,deepar_exog
10,2012-07-20,1800593.6,1869967.03,deepar_exog
10,2012-07-27,1749321.5,1817603.66,deepar_exog
10,2012-08-03,1866882.4,1939440.09,deepar_exog
10,2012-08-10,1883743.4,1880436.94,deepar_exog
10,2012-08-17,1847879.4,1827797.4,deepar_exog
10,2012-08-24,1816846.9,1764984.15,deepar_exog
10,2012-08-31,1734913.1,1650285.54,deepar_exog
10,2012-09-07,1813074.9,1708283.28,deepar_exog
10,2012-09-14,1782377.6,1640168.99,deepar_exog
10,2012-09-21,1781714.8,1671857.57,deepar_exog
10,2012-09-28,1733563.2,1694862.41,deepar_exog
10,2012-10-05,1835788.8,1758971.38,deepar_exog
10,2012-10-12,1791832.8,1713889.11,deepar_exog
10,2012-10-19,1775146.5,1734834.82,deepar_exog
10,2012-10-26,1688284.5,1744349.05,deepar_exog
11,2012-02-03,1310952.8,1376732.18,deepar_exog
11,2012-02-10,1286494.1,1574287.76,deepar_exog
11,2012-02-17,1280171.6,1569607.94,deepar_exog
11,2012-02-24,1238108.1,1379473.03,deepar_exog
11,2012-03-02,1320626.5,1438383.44,deepar_exog
11,2012-03-09,1282862.5,1413382.76,deepar_exog
11,2012-03-16,1274945.5,1441884.28,deepar_exog
11,2012-03-23,1267341.0,1300593.61,deepar_exog
11,2012-03-30,1250657.6,1300104.03,deepar_exog
11,2012-04-06,1333637.6,1596325.01,deepar_exog
11,2012-04-13,1318235.9,1472752.01,deepar_exog
11,2012-04-20,1280939.5,1315356.99,deepar_exog
11,2012-04-27,1281203.1,1236238.29,deepar_exog
11,2012-05-04,1348647.0,1370251.22,deepar_exog
11,2012-05-11,1310154.0,1300147.07,deepar_exog
11,2012-05-18,1276825.1,1352442.31,deepar_exog
11,2012-05-25,1273094.0,1297335.87,deepar_exog
11,2012-06-01,1341706.0,1361595.33,deepar_exog
11,2012-06-08,1300170.4,1414343.53,deepar_exog
11,2012-06-15,1301173.5,1417875.42,deepar_exog
11,2012-06-22,1292288.6,1355680.3,deepar_exog
11,2012-06-29,1272237.6,1297028.6,deepar_exog
11,2012-07-06,1314310.1,1461129.94,deepar_exog
11,2012-07-13,1299488.0,1320239.51,deepar_exog
11,2012-07-20,1277426.5,1344483.81,deepar_exog
11,2012-07-27,1266255.2,1272395.02,deepar_exog
11,2012-08-03,1338223.2,1399341.07,deepar_exog
11,2012-08-10,1309901.0,1388973.65,deepar_exog
11,2012-08-17,1294064.4,1421307.2,deepar_exog
11,2012-08-24,1255956.9,1409515.73,deepar_exog
11,2012-08-31,1257919.6,1372872.35,deepar_exog
11,2012-09-07,1311303.0,1304584.4,deepar_exog
11,2012-09-14,1267847.4,1267675.05,deepar_exog
11,2012-09-21,1237978.6,1326132.98,deepar_exog
11,2012-09-28,1254738.1,1227430.73,deepar_exog
11,2012-10-05,1298365.9,1422794.26,deepar_exog
11,2012-10-12,1280323.9,1311965.09,deepar_exog
11,2012-10-19,1284931.5,1232073.18,deepar_exog
11,2012-10-26,1278801.0,1200729.45,deepar_exog
12,2012-02-03,984510.94,1058767.95,deepar_exog
12,2012-02-10,995408.2,1199330.85,deepar_exog
12,2012-02-17,982139.8,1240048.85,deepar_exog
12,2012-02-24,946698.0,1112034.72,deepar_exog
12,2012-03-02,983094.6,1147636.96,deepar_exog
12,2012-03-09,974086.75,1113208.57,deepar_exog
12,2012-03-16,950573.4,1088498.52,deepar_exog
12,2012-03-23,935668.3,1045419.87,deepar_exog
12,2012-03-30,910856.2,1025382.22,deepar_exog
12,2012-04-06,966030.5,1128765.71,deepar_exog
12,2012-04-13,949593.7,1083811.19,deepar_exog
12,2012-04-20,949051.25,1006486.96,deepar_exog
12,2012-04-27,916789.7,1004252.38,deepar_exog
12,2012-05-04,963160.8,1073433.69,deepar_exog
12,2012-05-11,964263.6,1041995.22,deepar_exog
12,2012-05-18,956888.6,1020486.05,deepar_exog
12,2012-05-25,913048.9,991514.21,deepar_exog
12,2012-06-01,955938.56,981345.2,deepar_exog
12,2012-06-08,963588.94,1086231.47,deepar_exog
12,2012-06-15,950976.25,1019555.51,deepar_exog
12,2012-06-22,922775.06,981386.25,deepar_exog
12,2012-06-29,888778.9,943124.74,deepar_exog
12,2012-07-06,946333.44,1014898.78,deepar_exog
12,2012-07-13,921182.6,960312.75,deepar_exog
12,2012-07-20,910257.2,941550.34,deepar_exog
12,2012-07-27,884258.06,916967.92,deepar_exog
12,2012-08-03,969695.4,958667.23,deepar_exog
12,2012-08-10,934127.94,984689.9,deepar_exog
12,2012-08-17,892621.94,1005003.12,deepar_exog
12,2012-08-24,901945.75,1048101.39,deepar_exog
12,2012-08-31,844724.0,1061943.49,deepar_exog
12,2012-09-07,924504.3,955146.04,deepar_exog
12,2012-09-14,915775.25,885892.37,deepar_exog
12,2012-09-21,886076.94,922735.37,deepar_exog
12,2012-09-28,876686.56,880415.67,deepar_exog
12,2012-10-05,941232.8,979825.92,deepar_exog
12,2012-10-12,926763.4,934917.47,deepar_exog
12,2012-10-19,901264.56,960945.43,deepar_exog
12,2012-10-26,908306.06,974697.6,deepar_exog
13,2012-02-03,1761404.1,1927780.74,deepar_exog
13,2012-02-10,1820864.5,2069284.57,deepar_exog
13,2012-02-17,1770566.8,2214477.06,deepar_exog
13,2012-02-24,1645831.4,1929768.03,deepar_exog
13,2012-03-02,1681954.2,1969742.76,deepar_exog
13,2012-03-09,1654484.0,1986445.65,deepar_exog
13,2012-03-16,1665433.5,2025582.62,deepar_exog
13,2012-03-23,1636317.8,1904421.74,deepar_exog
13,2012-03-30,1670627.4,1948982.7,deepar_exog
13,2012-04-06,1748596.6,2271614.76,deepar_exog
13,2012-04-13,1743241.0,2057637.86,deepar_exog
13,2012-04-20,1720591.4,1955689.12,deepar_exog
13,2012-04-27,1685650.4,1970121.65,deepar_exog
13,2012-05-04,1744669.0,1995994.51,deepar_exog
13,2012-05-11,1739199.4,2080764.17,deepar_exog
13,2012-05-18,1701208.0,2131900.55,deepar_exog
13,2012-05-25,1671839.2,2043349.41,deepar_exog
13,2012-06-01,1761095.9,2035431.39,deepar_exog
13,2012-06-08,1759588.0,2182437.9,deepar_exog
13,2012-06-15,1721213.8,2152229.11,deepar_exog
13,2012-06-22,1662125.0,2094373.0,deepar_exog
13,2012-06-29,1595775.5,2037663.71,deepar_exog
13,2012-07-06,1731113.1,2184980.35,deepar_exog
13,2012-07-13,1701931.4,2002750.99,deepar_exog
13,2012-07-20,1651152.0,2053089.32,deepar_exog
13,2012-07-27,1600972.4,1914430.53,deepar_exog
13,2012-08-03,1729059.6,2044148.23,deepar_exog
13,2012-08-10,1713925.6,2041019.92,deepar_exog
13,2012-08-17,1649184.1,2095769.18,deepar_exog
13,2012-08-24,1622320.6,2059458.25,deepar_exog
13,2012-08-31,1578521.5,2073855.42,deepar_exog
13,2012-09-07,1675661.6,2165796.31,deepar_exog
13,2012-09-14,1649611.2,1919917.03,deepar_exog
13,2012-09-21,1600009.8,1938379.66,deepar_exog
13,2012-09-28,1650588.5,1927664.11,deepar_exog
13,2012-10-05,1687057.0,2041918.74,deepar_exog
13,2012-10-12,1701612.4,1999079.44,deepar_exog
13,2012-10-19,1739937.6,2018010.15,deepar_exog
13,2012-10-26,1755201.8,2035189.66,deepar_exog
14,2012-02-03,1878946.5,1877410.36,deepar_exog
14,2012-02-10,1848571.2,2077256.24,deepar_exog
14,2012-02-17,1864961.6,2020550.99,deepar_exog
14,2012-02-24,1836485.2,1875040.16,deepar_exog
14,2012-03-02,1846645.6,1926004.99,deepar_exog
14,2012-03-09,1844129.9,2020839.31,deepar_exog
14,2012-03-16,1828809.9,1941040.5,deepar_exog
14,2012-03-23,1840066.5,1893447.71,deepar_exog
14,2012-03-30,1852264.0,1905033.01,deepar_exog
14,2012-04-06,1897419.6,2376022.26,deepar_exog
14,2012-04-13,1904924.8,1912909.69,deepar_exog
14,2012-04-20,1905686.5,1875686.44,deepar_exog
14,2012-04-27,1932318.8,1784029.95,deepar_exog
14,2012-05-04,1965547.6,1949354.29,deepar_exog
14,2012-05-11,1981984.4,1987531.05,deepar_exog
14,2012-05-18,1991846.8,1932233.17,deepar_exog
14,2012-05-25,1983338.5,2030869.61,deepar_exog
14,2012-06-01,2069012.5,2049485.49,deepar_exog
14,2012-06-08,2002088.5,2099615.88,deepar_exog
14,2012-06-15,2031798.8,1905733.68,deepar_exog
14,2012-06-22,2006316.1,1660228.88,deepar_exog
14,2012-06-29,1954849.1,1591835.02,deepar_exog
14,2012-07-06,2060847.0,1862128.95,deepar_exog
14,2012-07-13,2000803.6,1544422.35,deepar_exog
14,2012-07-20,1960128.4,1553250.16,deepar_exog
14,2012-07-27,1952707.0,1479514.66,deepar_exog
14,2012-08-03,1967095.4,1656886.46,deepar_exog
14,2012-08-10,1954480.4,1648570.03,deepar_exog
14,2012-08-17,1905568.1,1660433.3,deepar_exog
14,2012-08-24,1887764.1,1621841.33,deepar_exog
14,2012-08-31,1858870.5,1613342.19,deepar_exog
14,2012-09-07,1912385.8,1904512.34,deepar_exog
14,2012-09-14,1883235.2,1554794.22,deepar_exog
14,2012-09-21,1877620.0,1565352.46,deepar_exog
14,2012-09-28,1840126.4,1522512.2,deepar_exog
14,2012-10-05,1918629.8,1687592.16,deepar_exog
14,2012-10-12,1901022.1,1639585.61,deepar_exog
14,2012-10-19,1899277.9,1590274.72,deepar_exog
14,2012-10-26,1995353.6,1704357.62,deepar_exog
15,2012-02-03,563032.6,523831.64,deepar_exog
15,2012-02-10,582612.3,628218.22,deepar_exog
15,2012-02-17,558805.3,598502.83,deepar_exog
15,2012-02-24,523169.3,561137.06,deepar_exog
15,2012-03-02,532416.1,541292.64,deepar_exog
15,2012-03-09,539227.6,545120.67,deepar_exog
15,2012-03-16,528309.4,570611.23,deepar_exog
15,2012-03-23,522935.88,565481.88,deepar_exog
15,2012-03-30,497664.56,557547.25,deepar_exog
15,2012-04-06,525656.56,659950.36,deepar_exog
15,2012-04-13,523220.88,558585.13,deepar_exog
15,2012-04-20,519694.12,534780.57,deepar_exog
15,2012-04-27,497621.16,527402.62,deepar_exog
15,2012-05-04,557903.94,577868.38,deepar_exog
15,2012-05-11,550681.06,579539.95,deepar_exog
15,2012-05-18,538174.9,600050.98,deepar_exog
15,2012-05-25,537570.25,693780.42,deepar_exog
15,2012-06-01,581256.2,663971.26,deepar_exog
15,2012-06-08,557175.56,611390.67,deepar_exog
15,2012-06-15,559866.94,636737.65,deepar_exog
15,2012-06-22,561207.75,687085.6,deepar_exog
15,2012-06-29,532861.06,624099.48,deepar_exog
15,2012-07-06,593380.6,678024.75,deepar_exog
15,2012-07-13,572590.9,591335.5,deepar_exog
15,2012-07-20,571025.2,592369.22,deepar_exog
15,2012-07-27,546588.8,571190.83,deepar_exog
15,2012-08-03,592657.8,590739.62,deepar_exog
15,2012-08-10,585332.9,590453.63,deepar_exog
15,2012-08-17,550237.6,579738.2,deepar_exog
15,2012-08-24,548654.75,606210.77,deepar_exog
15,2012-08-31,547362.5,610185.32,deepar_exog
15,2012-09-07,634212.6,587259.82,deepar_exog
15,2012-09-14,566758.94,527509.76,deepar_exog
15,2012-09-21,558879.25,533161.64,deepar_exog
15,2012-09-28,545463.25,553901.97,deepar_exog
15,2012-10-05,604811.44,573498.64,deepar_exog
15,2012-10-12,579695.75,551799.63,deepar_exog
15,2012-10-19,597836.56,555652.77,deepar_exog
15,2012-10-26,586382.8,558473.6,deepar_exog
16,2012-02-03,511505.44,475905.1,deepar_exog
16,2012-02-10,517328.16,473766.97,deepar_exog
16,2012-02-17,506546.38,494069.49,deepar_exog
16,2012-02-24,471309.3,495720.3,deepar_exog
16,2012-03-02,525246.4,464189.09,deepar_exog
16,2012-03-09,497152.12,495951.66,deepar_exog
16,2012-03-16,488256.56,520850.71,deepar_exog
16,2012-03-23,466089.4,493503.89,deepar_exog
16,2012-03-30,467701.03,485095.41,deepar_exog
16,2012-04-06,487721.03,502662.07,deepar_exog
16,2012-04-13,488699.6,450756.71,deepar_exog
16,2012-04-20,477283.97,436221.26,deepar_exog
16,2012-04-27,492520.75,398445.15,deepar_exog
16,2012-05-04,517207.62,426959.62,deepar_exog
16,2012-05-11,515008.3,479855.0,deepar_exog
16,2012-05-18,508577.03,493506.47,deepar_exog
16,2012-05-25,484419.25,518045.09,deepar_exog
16,2012-06-01,534898.5,532311.93,deepar_exog
16,2012-06-08,522473.12,603618.89,deepar_exog
16,2012-06-15,507715.44,570045.79,deepar_exog
16,2012-06-22,508440.28,581745.72,deepar_exog
16,2012-06-29,506630.8,570162.28,deepar_exog
16,2012-07-06,517083.72,641763.53,deepar_exog
16,2012-07-13,514822.84,569005.06,deepar_exog
16,2012-07-20,504904.12,565297.54,deepar_exog
16,2012-07-27,486685.3,539337.87,deepar_exog
16,2012-08-03,521878.44,584000.71,deepar_exog
16,2012-08-10,525499.0,554036.84,deepar_exog
16,2012-08-17,495455.0,521896.6,deepar_exog
16,2012-08-24,488718.8,551152.15,deepar_exog
16,2012-08-31,491377.53,551837.31,deepar_exog
16,2012-09-07,523007.53,537138.58,deepar_exog
16,2012-09-14,508883.47,526525.16,deepar_exog
16,2012-09-21,517494.97,509942.56,deepar_exog
16,2012-09-28,516144.62,469607.73,deepar_exog
16,2012-10-05,552231.75,471281.68,deepar_exog
16,2012-10-12,550855.8,491817.19,deepar_exog
16,2012-10-19,561381.4,577198.97,deepar_exog
16,2012-10-26,573456.1,475770.14,deepar_exog
17,2012-02-03,782557.8,864852.85,deepar_exog
17,2012-02-10,793831.25,880165.7,deepar_exog
17,2012-02-17,794557.2,927084.65,deepar_exog
17,2012-02-24,745449.6,843864.43,deepar_exog
17,2012-03-02,786172.0,856178.47,deepar_exog
17,2012-03-09,772155.6,860224.98,deepar_exog
17,2012-03-16,779423.2,853136.46,deepar_exog
17,2012-03-23,744893.94,851762.28,deepar_exog
17,2012-03-30,753892.94,872469.03,deepar_exog
17,2012-04-06,804082.25,986922.62,deepar_exog
17,2012-04-13,799279.7,877055.32,deepar_exog
17,2012-04-20,799782.5,1119979.98,deepar_exog
17,2012-04-27,799353.75,925916.65,deepar_exog
17,2012-05-04,835457.94,930121.14,deepar_exog
17,2012-05-11,832876.9,944100.3,deepar_exog
17,2012-05-18,844335.5,968816.33,deepar_exog
17,2012-05-25,825407.94,984881.59,deepar_exog
17,2012-06-01,867721.5,938914.28,deepar_exog
17,2012-06-08,867398.2,987990.24,deepar_exog
17,2012-06-15,848417.75,964169.67,deepar_exog
17,2012-06-22,837888.3,981210.57,deepar_exog
17,2012-06-29,828849.94,982322.24,deepar_exog
17,2012-07-06,860248.4,1046782.52,deepar_exog
17,2012-07-13,852592.5,960746.04,deepar_exog
17,2012-07-20,826367.8,944698.7,deepar_exog
17,2012-07-27,825802.2,907493.24,deepar_exog
17,2012-08-03,837143.5,877813.33,deepar_exog
17,2012-08-10,838555.94,849074.04,deepar_exog
17,2012-08-17,825230.06,844928.17,deepar_exog
17,2012-08-24,805370.3,924299.78,deepar_exog
17,2012-08-31,771494.06,865924.2,deepar_exog
17,2012-09-07,826061.1,1255633.29,deepar_exog
17,2012-09-14,828930.9,1071040.22,deepar_exog
17,2012-09-21,794626.0,938303.28,deepar_exog
17,2012-09-28,783237.8,972716.24,deepar_exog
17,2012-10-05,819672.2,952609.17,deepar_exog
17,2012-10-12,827575.5,919878.34,deepar_exog
17,2012-10-19,816324.4,957356.84,deepar_exog
17,2012-10-26,826270.06,943465.29,deepar_exog
18,2012-02-03,933482.2,1049772.04,deepar_exog
18,2012-02-10,930050.75,1161615.51,deepar_exog
18,2012-02-17,907045.5,1115985.81,deepar_exog
18,2012-02-24,859012.6,1037861.11,deepar_exog
18,2012-03-02,894525.44,1047178.91,deepar_exog
18,2012-03-09,879158.0,1084894.47,deepar_exog
18,2012-03-16,868047.7,1022018.43,deepar_exog
18,2012-03-23,861479.4,1031139.3,deepar_exog
18,2012-03-30,807882.56,1009121.2,deepar_exog
18,2012-04-06,880386.2,1200815.3,deepar_exog
18,2012-04-13,868552.0,998443.5,deepar_exog
18,2012-04-20,895784.0,1025813.8,deepar_exog
18,2012-04-27,847534.25,961186.23,deepar_exog
18,2012-05-04,933026.0,1050027.89,deepar_exog
18,2012-05-11,937736.94,1060433.1,deepar_exog
18,2012-05-18,943358.06,1047444.59,deepar_exog
18,2012-05-25,945634.0,1088446.58,deepar_exog
18,2012-06-01,1030434.3,1118313.7,deepar_exog
18,2012-06-08,994005.44,1110479.94,deepar_exog
18,2012-06-15,990812.6,1057425.83,deepar_exog
18,2012-06-22,1004372.0,1080357.89,deepar_exog
18,2012-06-29,971573.6,1097006.3,deepar_exog
18,2012-07-06,1021626.06,1158247.31,deepar_exog
18,2012-07-13,1006609.5,1024784.92,deepar_exog
18,2012-07-20,986937.44,1033543.56,deepar_exog
18,2012-07-27,954776.25,924506.26,deepar_exog
18,2012-08-03,1005393.1,1052066.58,deepar_exog
18,2012-08-10,993393.5,967304.07,deepar_exog
18,2012-08-17,977185.44,1048134.24,deepar_exog
18,2012-08-24,946840.5,1145840.91,deepar_exog
18,2012-08-31,938005.8,1117097.23,deepar_exog
18,2012-09-07,996513.06,1083521.24,deepar_exog
18,2012-09-14,964371.06,960476.1,deepar_exog
18,2012-09-21,931164.8,971386.65,deepar_exog
18,2012-09-28,929014.8,1002856.2,deepar_exog
18,2012-10-05,975482.56,1092204.79,deepar_exog
18,2012-10-12,953388.94,1074079.0,deepar_exog
18,2012-10-19,969270.06,1048706.75,deepar_exog
18,2012-10-26,970816.75,1127516.25,deepar_exog
19,2012-02-03,1221135.2,1345311.65,deepar_exog
19,2012-02-10,1220089.0,1499496.67,deepar_exog
19,2012-02-17,1194485.0,1424720.27,deepar_exog
19,2012-02-24,1156019.0,1352470.09,deepar_exog
19,2012-03-02,1212883.5,1308977.05,deepar_exog
19,2012-03-09,1182702.2,1358816.46,deepar_exog
19,2012-03-16,1176044.5,1312849.1,deepar_exog
19,2012-03-23,1211160.8,1342254.55,deepar_exog
19,2012-03-30,1180069.4,1327139.35,deepar_exog
19,2012-04-06,1231365.0,1631737.68,deepar_exog
19,2012-04-13,1231268.2,1365098.46,deepar_exog
19,2012-04-20,1251544.4,1255087.26,deepar_exog
19,2012-04-27,1211920.9,1285897.24,deepar_exog
19,2012-05-04,1308575.6,1405007.44,deepar_exog
19,2012-05-11,1324218.0,1442873.22,deepar_exog
19,2012-05-18,1291607.2,1366937.1,deepar_exog
19,2012-05-25,1298425.2,1485540.28,deepar_exog
19,2012-06-01,1404451.9,1450733.29,deepar_exog
19,2012-06-08,1330053.9,1390122.11,deepar_exog
19,2012-06-15,1308859.2,1440263.15,deepar_exog
19,2012-06-22,1314755.9,1468350.36,deepar_exog
19,2012-06-29,1288256.4,1379652.65,deepar_exog
19,2012-07-06,1373496.8,1557120.44,deepar_exog
19,2012-07-13,1323577.8,1321741.35,deepar_exog
19,2012-07-20,1308717.5,1317672.92,deepar_exog
19,2012-07-27,1255760.1,1248915.43,deepar_exog
19,2012-08-03,1346143.6,1342123.78,deepar_exog
19,2012-08-10,1321772.8,1408907.89,deepar_exog
19,2012-08-17,1277464.9,1375101.26,deepar_exog
19,2012-08-24,1236593.1,1544653.37,deepar_exog
19,2012-08-31,1246192.0,1542719.87,deepar_exog
19,2012-09-07,1300474.4,1497073.82,deepar_exog
19,2012-09-14,1253026.1,1370653.41,deepar_exog
19,2012-09-21,1208716.5,1338572.29,deepar_exog
19,2012-09-28,1191039.4,1338299.02,deepar_exog
19,2012-10-05,1270756.8,1408016.1,deepar_exog
19,2012-10-12,1266699.9,1352809.5,deepar_exog
19,2012-10-19,1284454.1,1321102.35,deepar_exog
19,2012-10-26,1268125.1,1322117.96,deepar_exog
20,2012-02-03,1840545.2,2203523.2,deepar_exog
20,2012-02-10,1847734.4,2462978.28,deepar_exog
20,2012-02-17,1843405.8,2309025.16,deepar_exog
20,2012-02-24,1806437.8,2045837.55,deepar_exog
20,2012-03-02,1860978.1,2148822.76,deepar_exog
20,2012-03-09,1861451.4,2139265.4,deepar_exog
20,2012-03-16,1875881.9,2064991.71,deepar_exog
20,2012-03-23,1924586.4,1992436.96,deepar_exog
20,2012-03-30,1870120.1,2074721.74,deepar_exog
20,2012-04-06,1998157.8,2565259.92,deepar_exog
20,2012-04-13,2058064.6,2045396.06,deepar_exog
20,2012-04-20,2067566.9,1884427.84,deepar_exog
20,2012-04-27,1950411.5,1886503.93,deepar_exog
20,2012-05-04,2164610.5,2163510.89,deepar_exog
20,2012-05-11,2114637.5,2168097.11,deepar_exog
20,2012-05-18,2081282.9,2039222.26,deepar_exog
20,2012-05-25,2133483.5,2114989.0,deepar_exog
20,2012-06-01,2249831.5,2143126.59,deepar_exog
20,2012-06-08,2137416.8,2231962.13,deepar_exog
20,2012-06-15,2153965.0,2165160.29,deepar_exog
20,2012-06-22,2088346.1,2060588.69,deepar_exog
20,2012-06-29,1999335.0,2055952.61,deepar_exog
20,2012-07-06,2174307.8,2358055.3,deepar_exog
20,2012-07-13,2119251.0,2134680.12,deepar_exog
20,2012-07-20,2082767.9,1970170.29,deepar_exog
20,2012-07-27,2035272.8,1911559.1,deepar_exog
20,2012-08-03,2130111.5,2094515.71,deepar_exog
20,2012-08-10,2109903.5,2144245.39,deepar_exog
20,2012-08-17,2078729.9,2045061.22,deepar_exog
20,2012-08-24,2033531.0,2005341.43,deepar_exog
20,2012-08-31,2053980.0,2062481.56,deepar_exog
20,2012-09-07,2172072.8,2080529.06,deepar_exog
20,2012-09-14,2099535.5,2047949.98,deepar_exog
20,2012-09-21,2049742.1,2028587.24,deepar_exog
20,2012-09-28,2058480.4,2008350.58,deepar_exog
20,2012-10-05,2231106.0,2246411.89,deepar_exog
20,2012-10-12,2235781.8,2162951.36,deepar_exog
20,2012-10-19,2135853.0,1999363.49,deepar_exog
20,2012-10-26,2085417.8,2031650.55,deepar_exog
21,2012-02-03,730865.2,680725.43,deepar_exog
21,2012-02-10,742278.4,770652.79,deepar_exog
21,2012-02-17,718208.3,834663.52,deepar_exog
21,2012-02-24,718848.4,747099.07,deepar_exog
21,2012-03-02,760103.7,764385.4,deepar_exog
21,2012-03-09,758438.94,755084.4,deepar_exog
21,2012-03-16,744362.4,767338.32,deepar_exog
21,2012-03-23,738021.44,729759.97,deepar_exog
21,2012-03-30,737478.4,724798.76,deepar_exog
21,2012-04-06,783773.7,761956.58,deepar_exog
21,2012-04-13,764873.6,769319.04,deepar_exog
21,2012-04-20,749760.8,734858.91,deepar_exog
21,2012-04-27,747535.1,674829.58,deepar_exog
21,2012-05-04,799490.75,697645.32,deepar_exog
21,2012-05-11,766668.3,649945.54,deepar_exog
21,2012-05-18,752715.75,700554.16,deepar_exog
21,2012-05-25,750272.8,722891.24,deepar_exog
21,2012-06-01,780387.6,695439.83,deepar_exog
21,2012-06-08,764959.1,707895.72,deepar_exog
21,2012-06-15,747775.2,727049.04,deepar_exog
21,2012-06-22,735180.56,735870.0,deepar_exog
21,2012-06-29,739200.94,716341.39,deepar_exog
21,2012-07-06,761036.2,693013.59,deepar_exog
21,2012-07-13,749873.4,668132.36,deepar_exog
21,2012-07-20,730693.75,691200.33,deepar_exog
21,2012-07-27,746978.94,677789.14,deepar_exog
21,2012-08-03,769110.25,693785.85,deepar_exog
21,2012-08-10,752079.1,700272.01,deepar_exog
21,2012-08-17,730475.5,751963.81,deepar_exog
21,2012-08-24,718186.4,802003.61,deepar_exog
21,2012-08-31,715676.0,763867.59,deepar_exog
21,2012-09-07,763097.44,642827.29,deepar_exog
21,2012-09-14,731923.1,628494.63,deepar_exog
21,2012-09-21,705111.6,667151.46,deepar_exog
21,2012-09-28,715704.3,647097.65,deepar_exog
21,2012-10-05,743155.4,651768.91,deepar_exog
21,2012-10-12,730074.75,653043.44,deepar_exog
21,2012-10-19,737085.94,641368.14,deepar_exog
21,2012-10-26,757167.5,675202.87,deepar_exog
22,2012-02-03,1011443.25,958487.75,deepar_exog
22,2012-02-10,1040762.9,1034448.07,deepar_exog
22,2012-02-17,977910.6,1004749.41,deepar_exog
22,2012-02-24,913317.75,912958.95,deepar_exog
22,2012-03-02,930080.3,974866.65,deepar_exog
22,2012-03-09,914806.9,991127.01,deepar_exog
22,2012-03-16,884194.94,966780.01,deepar_exog
22,2012-03-23,879368.94,992774.4,deepar_exog
22,2012-03-30,858771.1,965769.93,deepar_exog
22,2012-04-06,899228.6,1197489.66,deepar_exog
22,2012-04-13,907303.4,939118.24,deepar_exog
22,2012-04-20,912061.5,1000342.87,deepar_exog
22,2012-04-27,882556.06,922539.94,deepar_exog
22,2012-05-04,933551.6,1005083.31,deepar_exog
22,2012-05-11,932668.25,997868.63,deepar_exog
22,2012-05-18,936011.75,986612.02,deepar_exog
22,2012-05-25,921623.1,1047297.38,deepar_exog
22,2012-06-01,983170.9,1102857.37,deepar_exog
22,2012-06-08,955150.5,1061134.37,deepar_exog
22,2012-06-15,955321.8,1061219.19,deepar_exog
22,2012-06-22,914216.06,1112449.3,deepar_exog
22,2012-06-29,893807.75,1053881.78,deepar_exog
22,2012-07-06,947362.2,1097786.14,deepar_exog
22,2012-07-13,927567.5,971361.38,deepar_exog
22,2012-07-20,914428.25,991969.37,deepar_exog
22,2012-07-27,875845.06,925731.21,deepar_exog
22,2012-08-03,922757.25,1007257.83,deepar_exog
22,2012-08-10,916714.06,973812.79,deepar_exog
22,2012-08-17,909147.25,981273.26,deepar_exog
22,2012-08-24,872783.4,1060906.75,deepar_exog
22,2012-08-31,857512.25,1022270.86,deepar_exog
22,2012-09-07,920701.44,996628.8,deepar_exog
22,2012-09-14,880261.8,918049.28,deepar_exog
22,2012-09-21,857396.6,921612.53,deepar_exog
22,2012-09-28,844708.94,976479.51,deepar_exog
22,2012-10-05,884108.94,1009887.36,deepar_exog
22,2012-10-12,891420.4,1004039.84,deepar_exog
22,2012-10-19,854454.5,978027.95,deepar_exog
22,2012-10-26,811618.0,1094422.69,deepar_exog
23,2012-02-03,1270355.0,1261872.67,deepar_exog
23,2012-02-10,1215961.4,1358444.07,deepar_exog
23,2012-02-17,1215872.2,1365546.69,deepar_exog
23,2012-02-24,1164906.6,1272948.27,deepar_exog
23,2012-03-02,1140278.5,1322852.2,deepar_exog
23,2012-03-09,1138475.5,1292724.9,deepar_exog
23,2012-03-16,1124946.8,1258364.31,deepar_exog
23,2012-03-23,1205863.5,1288154.1,deepar_exog
23,2012-03-30,1135842.0,1261964.96,deepar_exog
23,2012-04-06,1166282.4,1604605.69,deepar_exog
23,2012-04-13,1194593.5,1231752.54,deepar_exog
23,2012-04-20,1236858.4,1287899.41,deepar_exog
23,2012-04-27,1183955.1,1277758.76,deepar_exog
23,2012-05-04,1211468.5,1317379.68,deepar_exog
23,2012-05-11,1211976.8,1321914.34,deepar_exog
23,2012-05-18,1233140.8,1332952.47,deepar_exog
23,2012-05-25,1181001.4,1552934.64,deepar_exog
23,2012-06-01,1294709.9,1476144.34,deepar_exog
23,2012-06-08,1243841.8,1568048.54,deepar_exog
23,2012-06-15,1250686.1,1543667.68,deepar_exog
23,2012-06-22,1260657.2,1522042.57,deepar_exog
23,2012-06-29,1214433.0,1451782.16,deepar_exog
23,2012-07-06,1284075.2,1545370.16,deepar_exog
23,2012-07-13,1287441.5,1384921.63,deepar_exog
23,2012-07-20,1263108.1,1381339.23,deepar_exog
23,2012-07-27,1215961.0,1322932.36,deepar_exog
23,2012-08-03,1301669.9,1416926.31,deepar_exog
23,2012-08-10,1295542.8,1436311.76,deepar_exog
23,2012-08-17,1240040.8,1510131.45,deepar_exog
23,2012-08-24,1235022.4,1702220.96,deepar_exog
23,2012-08-31,1175732.0,1577468.78,deepar_exog
23,2012-09-07,1274310.1,1427162.26,deepar_exog
23,2012-09-14,1255615.9,1279041.64,deepar_exog
23,2012-09-21,1202078.5,1338627.55,deepar_exog
23,2012-09-28,1158800.4,1319035.06,deepar_exog
23,2012-10-05,1247368.1,1464616.59,deepar_exog
23,2012-10-12,1232125.6,1412925.25,deepar_exog
23,2012-10-19,1206111.0,1363155.77,deepar_exog
23,2012-10-26,1187734.1,1347454.59,deepar_exog
24,2012-02-03,1208650.0,1249696.97,deepar_exog
24,2012-02-10,1232384.0,1403460.87,deepar_exog
24,2012-02-17,1215330.5,1326370.08,deepar_exog
24,2012-02-24,1173035.2,1303233.15,deepar_exog
24,2012-03-02,1241563.5,1213994.39,deepar_exog
24,2012-03-09,1224235.5,1325835.7,deepar_exog
24,2012-03-16,1238642.9,1239299.12,deepar_exog
24,2012-03-23,1246439.6,1221723.94,deepar_exog
24,2012-03-30,1183294.8,1230106.13,deepar_exog
24,2012-04-06,1279338.2,1524734.29,deepar_exog
24,2012-04-13,1245456.2,1285783.87,deepar_exog
24,2012-04-20,1280312.8,1208654.4,deepar_exog
24,2012-04-27,1188905.1,1194334.65,deepar_exog
24,2012-05-04,1275517.2,1306551.71,deepar_exog
24,2012-05-11,1309011.4,1355391.79,deepar_exog
24,2012-05-18,1279624.5,1298809.8,deepar_exog
24,2012-05-25,1250533.1,1407897.57,deepar_exog
24,2012-06-01,1382033.9,1467722.19,deepar_exog
24,2012-06-08,1290372.2,1406313.13,deepar_exog
24,2012-06-15,1284317.6,1364445.98,deepar_exog
24,2012-06-22,1259199.0,1434709.63,deepar_exog
24,2012-06-29,1221507.1,1428869.9,deepar_exog
24,2012-07-06,1353835.0,1645097.75,deepar_exog
24,2012-07-13,1299279.1,1405475.78,deepar_exog
24,2012-07-20,1252816.2,1394299.0,deepar_exog
24,2012-07-27,1237131.9,1307339.14,deepar_exog
24,2012-08-03,1291058.4,1440374.13,deepar_exog
24,2012-08-10,1273690.9,1497054.81,deepar_exog
24,2012-08-17,1224833.8,1397970.54,deepar_exog
24,2012-08-24,1176508.9,1303726.54,deepar_exog
24,2012-08-31,1175878.6,1344558.92,deepar_exog
24,2012-09-07,1310603.9,1477134.75,deepar_exog
24,2012-09-14,1204596.9,1242909.53,deepar_exog
24,2012-09-21,1172110.4,1261158.47,deepar_exog
24,2012-09-28,1141254.8,1259278.36,deepar_exog
24,2012-10-05,1255489.5,1416720.54,deepar_exog
24,2012-10-12,1203268.4,1416301.17,deepar_exog
24,2012-10-19,1207557.0,1255414.84,deepar_exog
24,2012-10-26,1192250.5,1307182.29,deepar_exog
25,2012-02-03,662185.4,642776.4,deepar_exog
25,2012-02-10,685230.4,658984.38,deepar_exog
25,2012-02-17,656860.5,654088.02,deepar_exog
25,2012-02-24,632869.25,613501.05,deepar_exog
25,2012-03-02,650909.0,643155.89,deepar_exog
25,2012-03-09,650893.75,643711.53,deepar_exog
25,2012-03-16,673649.75,638204.27,deepar_exog
25,2012-03-23,694789.25,672831.78,deepar_exog
25,2012-03-30,675272.0,684348.92,deepar_exog
25,2012-04-06,728151.2,791356.9,deepar_exog
25,2012-04-13,730461.4,658691.56,deepar_exog
25,2012-04-20,735490.25,661566.48,deepar_exog
25,2012-04-27,700073.5,655157.32,deepar_exog
25,2012-05-04,768899.2,696421.72,deepar_exog
25,2012-05-11,768664.2,739866.16,deepar_exog
25,2012-05-18,756355.44,717207.19,deepar_exog
25,2012-05-25,764582.75,783371.02,deepar_exog
25,2012-06-01,798274.25,694765.95,deepar_exog
25,2012-06-08,771758.4,730254.19,deepar_exog
25,2012-06-15,752823.94,753860.89,deepar_exog
25,2012-06-22,738894.0,721601.9,deepar_exog
25,2012-06-29,724744.2,718890.81,deepar_exog
25,2012-07-06,751393.4,753385.55,deepar_exog
25,2012-07-13,736045.7,714093.95,deepar_exog
25,2012-07-20,719995.75,685676.58,deepar_exog
25,2012-07-27,697739.75,659109.53,deepar_exog
25,2012-08-03,720837.4,709724.6,deepar_exog
25,2012-08-10,707549.75,710496.97,deepar_exog
25,2012-08-17,687923.75,728467.72,deepar_exog
25,2012-08-24,680551.2,756527.64,deepar_exog
25,2012-08-31,679325.6,714828.73,deepar_exog
25,2012-09-07,725212.06,671482.9,deepar_exog
25,2012-09-14,679715.25,657241.63,deepar_exog
25,2012-09-21,658882.8,664745.2,deepar_exog
25,2012-09-28,654711.1,683300.84,deepar_exog
25,2012-10-05,690533.5,699536.73,deepar_exog
25,2012-10-12,675778.75,697317.41,deepar_exog
25,2012-10-19,662624.6,685531.85,deepar_exog
25,2012-10-26,657393.06,688940.94,deepar_exog
26,2012-02-03,869848.06,939158.25,deepar_exog
26,2012-02-10,889788.4,1081005.64,deepar_exog
26,2012-02-17,880197.4,965788.76,deepar_exog
26,2012-02-24,817171.8,917924.47,deepar_exog
26,2012-03-02,859887.4,955641.74,deepar_exog
26,2012-03-09,828885.1,1028569.01,deepar_exog
26,2012-03-16,815973.44,919503.4,deepar_exog
26,2012-03-23,801564.2,874790.68,deepar_exog
26,2012-03-30,797534.56,922018.43,deepar_exog
26,2012-04-06,809911.2,1116829.23,deepar_exog
26,2012-04-13,789980.3,889670.29,deepar_exog
26,2012-04-20,804032.3,923600.02,deepar_exog
26,2012-04-27,808000.5,911969.0,deepar_exog
26,2012-05-04,866829.6,946573.29,deepar_exog
26,2012-05-11,843410.5,1062548.73,deepar_exog
26,2012-05-18,854998.3,978082.84,deepar_exog
26,2012-05-25,862589.6,1067310.74,deepar_exog
26,2012-06-01,942783.94,1015853.03,deepar_exog
26,2012-06-08,927292.8,1106176.83,deepar_exog
26,2012-06-15,919177.5,1029248.22,deepar_exog
26,2012-06-22,906168.06,1056282.91,deepar_exog
26,2012-06-29,899026.5,1051190.44,deepar_exog
26,2012-07-06,965532.6,1180470.8,deepar_exog
26,2012-07-13,938653.8,1063149.78,deepar_exog
26,2012-07-20,912193.7,1049625.9,deepar_exog
26,2012-07-27,887945.2,1031745.14,deepar_exog
26,2012-08-03,934369.25,1090915.09,deepar_exog
26,2012-08-10,915551.4,1121476.51,deepar_exog
26,2012-08-17,886984.3,1068292.56,deepar_exog
26,2012-08-24,876467.25,1022704.2,deepar_exog
26,2012-08-31,857833.6,1053495.51,deepar_exog
26,2012-09-07,910673.06,1081874.03,deepar_exog
26,2012-09-14,898757.06,986131.94,deepar_exog
26,2012-09-21,875685.06,961084.08,deepar_exog
26,2012-09-28,858193.7,964726.37,deepar_exog
26,2012-10-05,892859.75,1095504.26,deepar_exog
26,2012-10-12,948565.4,1044639.69,deepar_exog
26,2012-10-19,925671.1,975578.02,deepar_exog
26,2012-10-26,915347.7,958619.8,deepar_exog
27,2012-02-03,1656528.8,1564246.02,deepar_exog
27,2012-02-10,1658832.6,1651605.35,deepar_exog
27,2012-02-17,1635312.0,1606221.56,deepar_exog
27,2012-02-24,1616196.6,1648602.39,deepar_exog
27,2012-03-02,1680064.1,1509323.09,deepar_exog
27,2012-03-09,1659773.9,1607343.41,deepar_exog
27,2012-03-16,1672906.8,1635984.07,deepar_exog
27,2012-03-23,1652069.8,1620839.34,deepar_exog
27,2012-03-30,1611104.0,1615494.14,deepar_exog
27,2012-04-06,1652958.4,1899013.34,deepar_exog
27,2012-04-13,1666625.9,1650405.21,deepar_exog
27,2012-04-20,1659024.8,1639999.47,deepar_exog
27,2012-04-27,1587614.5,1565498.84,deepar_exog
27,2012-05-04,1645916.5,1669388.45,deepar_exog
27,2012-05-11,1648695.2,1674306.31,deepar_exog
27,2012-05-18,1638740.0,1707158.82,deepar_exog
27,2012-05-25,1583881.1,1818906.73,deepar_exog
27,2012-06-01,1690152.5,1900638.6,deepar_exog
27,2012-06-08,1604781.2,1764756.31,deepar_exog
27,2012-06-15,1610213.9,1773500.56,deepar_exog
27,2012-06-22,1576114.2,1837884.79,deepar_exog
27,2012-06-29,1519717.2,1842555.32,deepar_exog
27,2012-07-06,1609851.6,2062224.92,deepar_exog
27,2012-07-13,1556273.6,1755889.53,deepar_exog
27,2012-07-20,1517796.1,1730913.66,deepar_exog
27,2012-07-27,1470159.4,1625883.71,deepar_exog
27,2012-08-03,1553801.0,1705810.84,deepar_exog
27,2012-08-10,1482499.5,1720537.26,deepar_exog
27,2012-08-17,1432645.2,1735339.59,deepar_exog
27,2012-08-24,1408487.4,1780443.36,deepar_exog
27,2012-08-31,1363938.8,1731935.43,deepar_exog
27,2012-09-07,1401918.8,1840955.23,deepar_exog
27,2012-09-14,1331361.6,1519604.5,deepar_exog
27,2012-09-21,1335239.4,1557485.75,deepar_exog
27,2012-09-28,1330410.4,1540687.63,deepar_exog
27,2012-10-05,1393594.4,1591816.88,deepar_exog
27,2012-10-12,1367820.8,1660081.29,deepar_exog
27,2012-10-19,1349343.4,1620374.24,deepar_exog
27,2012-10-26,1381820.0,1703047.74,deepar_exog
28,2012-02-03,1240865.1,1531599.44,deepar_exog
28,2012-02-10,1311735.1,1572966.15,deepar_exog
28,2012-02-17,1246798.5,1501503.68,deepar_exog
28,2012-02-24,1237073.4,1323487.91,deepar_exog
28,2012-03-02,1309137.0,1451740.57,deepar_exog
28,2012-03-09,1282373.2,1680764.06,deepar_exog
28,2012-03-16,1265690.8,1337875.49,deepar_exog
28,2012-03-23,1223727.6,1216059.41,deepar_exog
28,2012-03-30,1220180.1,1209524.11,deepar_exog
28,2012-04-06,1284096.9,1559592.79,deepar_exog
28,2012-04-13,1245707.2,1290684.95,deepar_exog
28,2012-04-20,1212132.9,1180797.2,deepar_exog
28,2012-04-27,1203205.2,1170456.16,deepar_exog
28,2012-05-04,1252389.6,1450628.85,deepar_exog
28,2012-05-11,1234439.6,1264575.18,deepar_exog
28,2012-05-18,1201320.4,1213310.45,deepar_exog
28,2012-05-25,1194922.8,1151214.41,deepar_exog
28,2012-06-01,1227879.6,1245480.95,deepar_exog
28,2012-06-08,1233390.0,1440687.69,deepar_exog
28,2012-06-15,1194897.8,1229760.97,deepar_exog
28,2012-06-22,1215291.0,1180671.55,deepar_exog
28,2012-06-29,1198028.5,1129031.98,deepar_exog
28,2012-07-06,1221319.8,1500863.54,deepar_exog
28,2012-07-13,1217287.6,1179915.04,deepar_exog
28,2012-07-20,1216244.4,1149427.48,deepar_exog
28,2012-07-27,1190857.4,1135035.09,deepar_exog
28,2012-08-03,1247502.8,1376520.1,deepar_exog
28,2012-08-10,1240565.9,1269113.41,deepar_exog
28,2012-08-17,1213602.0,1184198.41,deepar_exog
28,2012-08-24,1170895.5,1199309.59,deepar_exog
28,2012-08-31,1175495.6,1227118.75,deepar_exog
28,2012-09-07,1213918.1,1469693.99,deepar_exog
28,2012-09-14,1193483.6,1124660.77,deepar_exog
28,2012-09-21,1177711.6,1135340.19,deepar_exog
28,2012-09-28,1175572.1,1129508.61,deepar_exog
28,2012-10-05,1230751.2,1462941.03,deepar_exog
28,2012-10-12,1182667.5,1205536.71,deepar_exog
28,2012-10-19,1180423.9,1143724.48,deepar_exog
28,2012-10-26,1149730.1,1213860.61,deepar_exog
29,2012-02-03,489759.3,493159.35,deepar_exog
29,2012-02-10,502189.7,545840.05,deepar_exog
29,2012-02-17,486746.44,559606.91,deepar_exog
29,2012-02-24,464207.44,488782.63,deepar_exog
29,2012-03-02,494734.7,500801.72,deepar_exog
29,2012-03-09,491646.16,504750.35,deepar_exog
29,2012-03-16,483668.03,489293.72,deepar_exog
29,2012-03-23,480669.53,517408.48,deepar_exog
29,2012-03-30,473620.72,504566.28,deepar_exog
29,2012-04-06,492555.2,633826.55,deepar_exog
29,2012-04-13,495839.38,520493.83,deepar_exog
29,2012-04-20,492970.62,525200.59,deepar_exog
29,2012-04-27,478922.28,497250.22,deepar_exog
29,2012-05-04,507684.2,504963.84,deepar_exog
29,2012-05-11,507325.6,529707.87,deepar_exog
29,2012-05-18,497513.88,543706.04,deepar_exog
29,2012-05-25,491024.16,549665.67,deepar_exog
29,2012-06-01,528067.6,576252.35,deepar_exog
29,2012-06-08,512552.84,554093.15,deepar_exog
29,2012-06-15,499366.3,552338.76,deepar_exog
29,2012-06-22,494435.4,581854.5,deepar_exog
29,2012-06-29,491361.25,555954.13,deepar_exog
29,2012-07-06,532592.1,578832.41,deepar_exog
29,2012-07-13,510256.0,514709.76,deepar_exog
29,2012-07-20,495494.25,506705.36,deepar_exog
29,2012-07-27,482213.56,475158.24,deepar_exog
29,2012-08-03,504837.25,504754.74,deepar_exog
29,2012-08-10,499436.0,518628.42,deepar_exog
29,2012-08-17,496964.03,416881.66,deepar_exog
29,2012-08-24,475846.12,615026.15,deepar_exog
29,2012-08-31,475994.47,545844.91,deepar_exog
29,2012-09-07,509658.56,540811.85,deepar_exog
29,2012-09-14,484525.16,475127.18,deepar_exog
29,2012-09-21,471782.88,489079.23,deepar_exog
29,2012-09-28,463037.3,489674.23,deepar_exog
29,2012-10-05,494401.56,520632.8,deepar_exog
29,2012-10-12,483377.28,513737.0,deepar_exog
29,2012-10-19,470069.75,516909.24,deepar_exog
29,2012-10-26,473390.47,534970.68,deepar_exog
30,2012-02-03,415502.56,434080.74,deepar_exog
30,2012-02-10,403439.8,451365.99,deepar_exog
30,2012-02-17,390879.0,435109.11,deepar_exog
30,2012-02-24,390730.3,425215.71,deepar_exog
30,2012-03-02,418236.47,438640.61,deepar_exog
30,2012-03-09,405682.38,446617.89,deepar_exog
30,2012-03-16,407702.4,413617.45,deepar_exog
30,2012-03-23,407836.88,430222.97,deepar_exog
30,2012-03-30,404379.62,449603.91,deepar_exog
30,2012-04-06,433529.84,461511.92,deepar_exog
30,2012-04-13,417205.8,428784.7,deepar_exog
30,2012-04-20,414740.25,462909.41,deepar_exog
30,2012-04-27,414256.3,433744.83,deepar_exog
30,2012-05-04,437946.56,454477.54,deepar_exog
30,2012-05-11,416800.4,436070.45,deepar_exog
30,2012-05-18,413553.75,460945.14,deepar_exog
30,2012-05-25,418912.28,449355.91,deepar_exog
30,2012-06-01,433286.62,427021.18,deepar_exog
30,2012-06-08,422059.6,437222.94,deepar_exog
30,2012-06-15,420763.9,438523.24,deepar_exog
30,2012-06-22,406926.28,428554.63,deepar_exog
30,2012-06-29,406844.88,423192.4,deepar_exog
30,2012-07-06,421446.47,440553.42,deepar_exog
30,2012-07-13,406866.9,417640.34,deepar_exog
30,2012-07-20,403402.2,427491.04,deepar_exog
30,2012-07-27,407108.72,424581.17,deepar_exog
30,2012-08-03,427433.1,425136.55,deepar_exog
30,2012-08-10,413183.44,430878.28,deepar_exog
30,2012-08-17,402985.38,423351.15,deepar_exog
30,2012-08-24,380317.0,425296.65,deepar_exog
30,2012-08-31,387174.28,439132.5,deepar_exog
30,2012-09-07,424423.72,433565.77,deepar_exog
30,2012-09-14,393939.62,437773.31,deepar_exog
30,2012-09-21,381624.88,443891.64,deepar_exog
30,2012-09-28,394175.2,425410.04,deepar_exog
30,2012-10-05,405768.44,446751.45,deepar_exog
30,2012-10-12,403422.28,434593.26,deepar_exog
30,2012-10-19,406611.0,437537.29,deepar_exog
30,2012-10-26,422647.28,439424.5,deepar_exog
31,2012-02-03,1378602.8,1391479.91,deepar_exog
31,2012-02-10,1369178.1,1527688.58,deepar_exog
31,2012-02-17,1367202.2,1570813.52,deepar_exog
31,2012-02-24,1346078.8,1392543.37,deepar_exog
31,2012-03-02,1371465.9,1427881.22,deepar_exog
31,2012-03-09,1366860.1,1439034.86,deepar_exog
31,2012-03-16,1374698.4,1481728.13,deepar_exog
31,2012-03-23,1334536.8,1365824.97,deepar_exog
31,2012-03-30,1330000.4,1318854.22,deepar_exog
31,2012-04-06,1364236.0,1496169.81,deepar_exog
31,2012-04-13,1358743.0,1407842.91,deepar_exog
31,2012-04-20,1337292.4,1407036.59,deepar_exog
31,2012-04-27,1330811.5,1311352.25,deepar_exog
31,2012-05-04,1407003.5,1391257.28,deepar_exog
31,2012-05-11,1347533.2,1392938.06,deepar_exog
31,2012-05-18,1330094.9,1441473.82,deepar_exog
31,2012-05-25,1323810.2,1397094.26,deepar_exog
31,2012-06-01,1397403.5,1404516.29,deepar_exog
31,2012-06-08,1380253.5,1443285.79,deepar_exog
31,2012-06-15,1339135.0,1431003.43,deepar_exog
31,2012-06-22,1313573.0,1394065.76,deepar_exog
31,2012-06-29,1292327.0,1349202.25,deepar_exog
31,2012-07-06,1366987.4,1458059.42,deepar_exog
31,2012-07-13,1319687.2,1374301.34,deepar_exog
31,2012-07-20,1319145.0,1392395.2,deepar_exog
31,2012-07-27,1331871.8,1303732.36,deepar_exog
31,2012-08-03,1352442.5,1390174.63,deepar_exog
31,2012-08-10,1349326.4,1386472.59,deepar_exog
31,2012-08-17,1311553.1,1410181.7,deepar_exog
31,2012-08-24,1273250.8,1379783.21,deepar_exog
31,2012-08-31,1272438.0,1373651.49,deepar_exog
31,2012-09-07,1356792.5,1358111.62,deepar_exog
31,2012-09-14,1301837.2,1327705.44,deepar_exog
31,2012-09-21,1315715.0,1373064.87,deepar_exog
31,2012-09-28,1290648.4,1279080.58,deepar_exog
31,2012-10-05,1354549.1,1363365.05,deepar_exog
31,2012-10-12,1348798.4,1401113.42,deepar_exog
31,2012-10-19,1353866.9,1378730.45,deepar_exog
31,2012-10-26,1346001.2,1340232.55,deepar_exog
32,2012-02-03,1018030.6,1156826.31,deepar_exog
32,2012-02-10,1073946.9,1129422.86,deepar_exog
32,2012-02-17,1040322.94,1243812.59,deepar_exog
32,2012-02-24,1048236.8,1091822.72,deepar_exog
32,2012-03-02,1047778.9,1153332.89,deepar_exog
32,2012-03-09,1042464.8,1124537.97,deepar_exog
32,2012-03-16,1054495.5,1138101.18,deepar_exog
32,2012-03-23,1021125.75,1146632.46,deepar_exog
32,2012-03-30,1028526.75,1108686.87,deepar_exog
32,2012-04-06,1086339.6,1270577.01,deepar_exog
32,2012-04-13,1058631.0,1171834.47,deepar_exog
32,2012-04-20,1068636.4,1121405.91,deepar_exog
32,2012-04-27,1068559.0,1126962.44,deepar_exog
32,2012-05-04,1116416.0,1187384.53,deepar_exog
32,2012-05-11,1104878.5,1187051.07,deepar_exog
32,2012-05-18,1094311.5,1177539.71,deepar_exog
32,2012-05-25,1071637.9,1232784.22,deepar_exog
32,2012-06-01,1154716.6,1157557.79,deepar_exog
32,2012-06-08,1151829.5,1246322.44,deepar_exog
32,2012-06-15,1136456.5,1234759.54,deepar_exog
32,2012-06-22,1119773.8,1196880.11,deepar_exog
32,2012-06-29,1096313.9,1178211.81,deepar_exog
32,2012-07-06,1131526.4,1214183.97,deepar_exog
32,2012-07-13,1099897.0,1141184.66,deepar_exog
32,2012-07-20,1102949.2,1167829.33,deepar_exog
32,2012-07-27,1068470.5,1144901.52,deepar_exog
32,2012-08-03,1126479.0,1183571.35,deepar_exog
32,2012-08-10,1100226.4,1227469.2,deepar_exog
32,2012-08-17,1077170.8,1261306.37,deepar_exog
32,2012-08-24,1059825.2,1272809.11,deepar_exog
32,2012-08-31,1062195.1,1183979.27,deepar_exog
32,2012-09-07,1088003.1,1126685.95,deepar_exog
32,2012-09-14,1043906.25,1156377.47,deepar_exog
32,2012-09-21,1046815.8,1159119.6,deepar_exog
32,2012-09-28,1014216.2,1157111.15,deepar_exog
32,2012-10-05,1098951.6,1202775.24,deepar_exog
32,2012-10-12,1048951.5,1176681.31,deepar_exog
32,2012-10-19,1083616.8,1199292.06,deepar_exog
32,2012-10-26,1078792.4,1219979.29,deepar_exog
33,2012-02-03,244249.4,256091.32,deepar_exog
33,2012-02-10,248158.84,282552.58,deepar_exog
33,2012-02-17,233432.7,266300.98,deepar_exog
33,2012-02-24,228638.06,242526.7,deepar_exog
33,2012-03-02,238444.08,248051.53,deepar_exog
33,2012-03-09,237534.77,287346.29,deepar_exog
33,2012-03-16,234560.22,278067.73,deepar_exog
33,2012-03-23,225849.14,246970.97,deepar_exog
33,2012-03-30,229669.62,251327.67,deepar_exog
33,2012-04-06,243912.7,275911.97,deepar_exog
33,2012-04-13,242545.9,312698.67,deepar_exog
33,2012-04-20,237771.1,261837.2,deepar_exog
33,2012-04-27,231336.92,249798.75,deepar_exog
33,2012-05-04,245585.27,270497.51,deepar_exog
33,2012-05-11,237343.1,295841.84,deepar_exog
33,2012-05-18,239301.86,276899.95,deepar_exog
33,2012-05-25,232614.2,261851.74,deepar_exog
33,2012-06-01,241443.48,261131.09,deepar_exog
33,2012-06-08,243473.92,286082.76,deepar_exog
33,2012-06-15,239428.2,290444.31,deepar_exog
33,2012-06-22,235519.86,261666.29,deepar_exog
33,2012-06-29,228478.16,244338.31,deepar_exog
33,2012-07-06,241124.78,273690.37,deepar_exog
33,2012-07-13,236385.06,287033.64,deepar_exog
33,2012-07-20,234340.12,253205.89,deepar_exog
33,2012-07-27,230647.36,249134.32,deepar_exog
33,2012-08-03,241784.69,258533.12,deepar_exog
33,2012-08-10,245754.12,297753.49,deepar_exog
33,2012-08-17,235437.78,270097.76,deepar_exog
33,2012-08-24,230286.86,247672.56,deepar_exog
33,2012-08-31,228055.48,237129.81,deepar_exog
33,2012-09-07,243678.72,286428.78,deepar_exog
33,2012-09-14,236938.73,277417.53,deepar_exog
33,2012-09-21,239921.3,252709.58,deepar_exog
33,2012-09-28,232633.36,242813.51,deepar_exog
33,2012-10-05,247601.72,265444.9,deepar_exog
33,2012-10-12,241233.08,291781.15,deepar_exog
33,2012-10-19,238768.94,254412.34,deepar_exog
33,2012-10-26,241691.7,253731.13,deepar_exog
34,2012-02-03,961277.7,939367.14,deepar_exog
34,2012-02-10,933423.06,1047658.09,deepar_exog
34,2012-02-17,938515.4,1123446.51,deepar_exog
34,2012-02-24,882722.2,950154.24,deepar_exog
34,2012-03-02,930160.06,990263.7,deepar_exog
34,2012-03-09,905981.6,976393.43,deepar_exog
34,2012-03-16,892426.06,999298.43,deepar_exog
34,2012-03-23,855569.75,945143.33,deepar_exog
34,2012-03-30,846254.6,938861.77,deepar_exog
34,2012-04-06,911994.94,1091020.37,deepar_exog
34,2012-04-13,889017.6,987353.65,deepar_exog
34,2012-04-20,865333.25,977628.78,deepar_exog
34,2012-04-27,853008.94,940299.87,deepar_exog
34,2012-05-04,906735.6,991104.4,deepar_exog
34,2012-05-11,891027.5,949625.52,deepar_exog
34,2012-05-18,868177.1,998672.85,deepar_exog
34,2012-05-25,852678.6,1015737.61,deepar_exog
34,2012-06-01,908279.7,977062.44,deepar_exog
34,2012-06-08,880882.3,999511.29,deepar_exog
34,2012-06-15,873305.2,982345.51,deepar_exog
34,2012-06-22,852496.56,1000285.1,deepar_exog
34,2012-06-29,836531.7,942970.63,deepar_exog
34,2012-07-06,879270.25,1007867.68,deepar_exog
34,2012-07-13,870485.06,954677.75,deepar_exog
34,2012-07-20,848899.75,950929.59,deepar_exog
34,2012-07-27,828056.94,917883.79,deepar_exog
34,2012-08-03,876246.25,973250.41,deepar_exog
34,2012-08-10,862927.75,1004523.59,deepar_exog
34,2012-08-17,850364.56,1013820.86,deepar_exog
34,2012-08-24,811640.5,926250.21,deepar_exog
34,2012-08-31,812210.75,933487.71,deepar_exog
34,2012-09-07,835258.4,976415.56,deepar_exog
34,2012-09-14,822896.25,955211.7,deepar_exog
34,2012-09-21,819594.94,943047.78,deepar_exog
34,2012-09-28,788728.94,928629.31,deepar_exog
34,2012-10-05,831613.8,968896.68,deepar_exog
34,2012-10-12,841634.06,948613.39,deepar_exog
34,2012-10-19,824991.2,963516.28,deepar_exog
34,2012-10-26,817568.2,956987.81,deepar_exog
35,2012-02-03,743710.5,746901.03,deepar_exog
35,2012-02-10,764275.2,849779.14,deepar_exog
35,2012-02-17,774666.94,824568.39,deepar_exog
35,2012-02-24,724044.9,805028.74,deepar_exog
35,2012-03-02,744704.25,766571.1,deepar_exog
35,2012-03-09,743721.44,796351.35,deepar_exog
35,2012-03-16,732548.8,793045.82,deepar_exog
35,2012-03-23,745515.25,760671.1,deepar_exog
35,2012-03-30,726371.5,744525.69,deepar_exog
35,2012-04-06,772567.4,860293.46,deepar_exog
35,2012-04-13,790532.4,788633.42,deepar_exog
35,2012-04-20,807154.5,794660.24,deepar_exog
35,2012-04-27,781724.9,721212.45,deepar_exog
35,2012-05-04,825959.44,772036.6,deepar_exog
35,2012-05-11,823043.7,802383.63,deepar_exog
35,2012-05-18,816967.25,819196.68,deepar_exog
35,2012-05-25,800518.3,822167.17,deepar_exog
35,2012-06-01,888098.4,932195.52,deepar_exog
35,2012-06-08,831331.06,873415.01,deepar_exog
35,2012-06-15,830910.0,848289.41,deepar_exog
35,2012-06-22,824267.75,911696.0,deepar_exog
35,2012-06-29,811570.3,892133.41,deepar_exog
35,2012-07-06,865022.8,985479.64,deepar_exog
35,2012-07-13,824764.4,825763.48,deepar_exog
35,2012-07-20,822816.3,841224.74,deepar_exog
35,2012-07-27,792605.1,808030.15,deepar_exog
35,2012-08-03,846336.0,866216.36,deepar_exog
35,2012-08-10,827141.44,888368.8,deepar_exog
35,2012-08-17,802498.75,887979.47,deepar_exog
35,2012-08-24,782651.94,895274.72,deepar_exog
35,2012-08-31,780100.4,931278.97,deepar_exog
35,2012-09-07,839418.5,984833.35,deepar_exog
35,2012-09-14,789164.2,821568.64,deepar_exog
35,2012-09-21,767046.5,772302.94,deepar_exog
35,2012-09-28,755787.8,814099.86,deepar_exog
35,2012-10-05,785978.06,866064.4,deepar_exog
35,2012-10-12,780006.94,873643.14,deepar_exog
35,2012-10-19,767960.2,829284.67,deepar_exog
35,2012-10-26,753093.75,865137.6,deepar_exog
36,2012-02-03,322017.4,310982.87,deepar_exog
36,2012-02-10,324267.97,335741.9,deepar_exog
36,2012-02-17,317386.44,326316.73,deepar_exog
36,2012-02-24,305770.47,313270.45,deepar_exog
36,2012-03-02,333376.2,315396.72,deepar_exog
36,2012-03-09,325556.97,318674.93,deepar_exog
36,2012-03-16,319094.97,335345.82,deepar_exog
36,2012-03-23,314302.16,317872.51,deepar_exog
36,2012-03-30,302235.06,304144.9,deepar_exog
36,2012-04-06,325995.7,331026.11,deepar_exog
36,2012-04-13,326800.66,339407.94,deepar_exog
36,2012-04-20,315328.97,323915.32,deepar_exog
36,2012-04-27,310023.66,308389.82,deepar_exog
36,2012-05-04,339838.16,312467.52,deepar_exog
36,2012-05-11,330940.12,330518.34,deepar_exog
36,2012-05-18,336010.0,324801.13,deepar_exog
36,2012-05-25,321775.9,306098.17,deepar_exog
36,2012-06-01,347391.8,306005.53,deepar_exog
36,2012-06-08,343777.2,338273.38,deepar_exog
36,2012-06-15,343752.0,333146.88,deepar_exog
36,2012-06-22,335092.6,306411.01,deepar_exog
36,2012-06-29,330873.25,291530.43,deepar_exog
36,2012-07-06,350399.2,306578.89,deepar_exog
36,2012-07-13,344118.8,298337.41,deepar_exog
36,2012-07-20,340763.8,303289.55,deepar_exog
36,2012-07-27,335305.8,279643.43,deepar_exog
36,2012-08-03,353658.7,304989.97,deepar_exog
36,2012-08-10,346523.44,298947.51,deepar_exog
36,2012-08-17,346921.44,314607.22,deepar_exog
36,2012-08-24,331286.53,282545.55,deepar_exog
36,2012-08-31,334203.88,282647.48,deepar_exog
36,2012-09-07,355020.44,293728.57,deepar_exog
36,2012-09-14,341153.8,301893.63,deepar_exog
36,2012-09-21,338395.84,293804.45,deepar_exog
36,2012-09-28,327164.7,270677.98,deepar_exog
36,2012-10-05,347153.28,277137.86,deepar_exog
36,2012-10-12,346929.84,300236.85,deepar_exog
36,2012-10-19,341607.9,287360.05,deepar_exog
36,2012-10-26,332768.06,272489.41,deepar_exog
37,2012-02-03,552527.2,555424.24,deepar_exog
37,2012-02-10,541373.0,527041.46,deepar_exog
37,2012-02-17,521315.12,541071.29,deepar_exog
37,2012-02-24,508662.72,518696.89,deepar_exog
37,2012-03-02,528841.1,525559.17,deepar_exog
37,2012-03-09,528619.5,535937.25,deepar_exog
37,2012-03-16,514179.47,484588.34,deepar_exog
37,2012-03-23,509012.97,520887.23,deepar_exog
37,2012-03-30,502247.6,533734.94,deepar_exog
37,2012-04-06,527421.4,564848.78,deepar_exog
37,2012-04-13,520994.72,506973.17,deepar_exog
37,2012-04-20,501103.03,523483.19,deepar_exog
37,2012-04-27,497886.4,528807.45,deepar_exog
37,2012-05-04,523246.75,535311.64,deepar_exog
37,2012-05-11,513276.72,527983.04,deepar_exog
37,2012-05-18,498449.7,534847.96,deepar_exog
37,2012-05-25,502432.53,540625.79,deepar_exog
37,2012-06-01,512775.25,531811.85,deepar_exog
37,2012-06-08,510163.75,528940.78,deepar_exog
37,2012-06-15,495045.84,508573.16,deepar_exog
37,2012-06-22,487984.7,484032.75,deepar_exog
37,2012-06-29,481292.28,508309.81,deepar_exog
37,2012-07-06,510579.2,519498.32,deepar_exog
37,2012-07-13,487634.8,506005.47,deepar_exog
37,2012-07-20,488963.97,503744.56,deepar_exog
37,2012-07-27,480682.38,514489.17,deepar_exog
37,2012-08-03,501480.53,521959.28,deepar_exog
37,2012-08-10,491808.9,500964.59,deepar_exog
37,2012-08-17,483880.75,509633.71,deepar_exog
37,2012-08-24,481764.47,522665.04,deepar_exog
37,2012-08-31,479843.28,538344.1,deepar_exog
37,2012-09-07,496669.72,526838.14,deepar_exog
37,2012-09-14,480768.97,514651.74,deepar_exog
37,2012-09-21,477101.97,521320.98,deepar_exog
37,2012-09-28,482738.75,527953.14,deepar_exog
37,2012-10-05,503811.28,546122.37,deepar_exog
37,2012-10-12,489939.7,521810.75,deepar_exog
37,2012-10-19,490593.47,551969.1,deepar_exog
37,2012-10-26,483941.88,534738.43,deepar_exog
38,2012-02-03,407837.75,457711.68,deepar_exog
38,2012-02-10,416130.0,469787.38,deepar_exog
38,2012-02-17,391290.56,415513.97,deepar_exog
38,2012-02-24,380746.8,409411.61,deepar_exog
38,2012-03-02,400381.28,471115.38,deepar_exog
38,2012-03-09,397645.9,452792.53,deepar_exog
38,2012-03-16,391913.28,428465.11,deepar_exog
38,2012-03-23,368555.12,412456.48,deepar_exog
38,2012-03-30,362672.72,408679.36,deepar_exog
38,2012-04-06,389494.56,499267.66,deepar_exog
38,2012-04-13,371797.12,435790.74,deepar_exog
38,2012-04-20,363745.16,401615.8,deepar_exog
38,2012-04-27,363275.8,419964.77,deepar_exog
38,2012-05-04,384782.47,491755.69,deepar_exog
38,2012-05-11,374431.6,429914.6,deepar_exog
38,2012-05-18,367547.97,412314.71,deepar_exog
38,2012-05-25,351370.9,422810.12,deepar_exog
38,2012-06-01,373784.28,435579.7,deepar_exog
38,2012-06-08,377765.75,448110.25,deepar_exog
38,2012-06-15,358777.53,430222.07,deepar_exog
38,2012-06-22,353230.38,405938.35,deepar_exog
38,2012-06-29,341537.03,404634.36,deepar_exog
38,2012-07-06,366975.6,471086.22,deepar_exog
38,2012-07-13,364418.4,416036.75,deepar_exog
38,2012-07-20,344394.3,441683.74,deepar_exog
38,2012-07-27,348311.75,407186.47,deepar_exog
38,2012-08-03,371625.38,469311.17,deepar_exog
38,2012-08-10,375375.53,436690.13,deepar_exog
38,2012-08-17,356870.4,411866.46,deepar_exog
38,2012-08-24,337960.84,397428.22,deepar_exog
38,2012-08-31,344500.8,424904.95,deepar_exog
38,2012-09-07,374108.75,490274.82,deepar_exog
38,2012-09-14,353157.62,430944.39,deepar_exog
38,2012-09-21,346611.47,409600.98,deepar_exog
38,2012-09-28,342079.53,398468.08,deepar_exog
38,2012-10-05,367519.0,458479.01,deepar_exog
38,2012-10-12,361919.88,437320.66,deepar_exog
38,2012-10-19,359564.75,428806.46,deepar_exog
38,2012-10-26,346949.38,417290.38,deepar_exog
39,2012-02-03,1437018.8,1396150.15,deepar_exog
39,2012-02-10,1436932.1,1442988.44,deepar_exog
39,2012-02-17,1412358.1,1511041.69,deepar_exog
39,2012-02-24,1399856.1,1412065.04,deepar_exog
39,2012-03-02,1452386.9,1453047.02,deepar_exog
39,2012-03-09,1422441.5,1470764.35,deepar_exog
39,2012-03-16,1407557.5,1522421.07,deepar_exog
39,2012-03-23,1420479.9,1469593.37,deepar_exog
39,2012-03-30,1405622.1,1499727.02,deepar_exog
39,2012-04-06,1467083.2,1764847.94,deepar_exog
39,2012-04-13,1437366.5,1580732.73,deepar_exog
39,2012-04-20,1431441.2,1433391.04,deepar_exog
39,2012-04-27,1417157.5,1456997.2,deepar_exog
39,2012-05-04,1498797.0,1512227.34,deepar_exog
39,2012-05-11,1426546.4,1470792.41,deepar_exog
39,2012-05-18,1404519.4,1522978.54,deepar_exog
39,2012-05-25,1414484.1,1596036.66,deepar_exog
39,2012-06-01,1475352.0,1640476.77,deepar_exog
39,2012-06-08,1431847.2,1623442.24,deepar_exog
39,2012-06-15,1420895.2,1587499.82,deepar_exog
39,2012-06-22,1399690.2,1532316.79,deepar_exog
39,2012-06-29,1400965.6,1492388.98,deepar_exog
39,2012-07-06,1453990.1,1659221.99,deepar_exog
39,2012-07-13,1402790.4,1471261.76,deepar_exog
39,2012-07-20,1383591.0,1582168.27,deepar_exog
39,2012-07-27,1359140.4,1487797.54,deepar_exog
39,2012-08-03,1444181.6,1608277.74,deepar_exog
39,2012-08-10,1395184.5,1641867.92,deepar_exog
39,2012-08-17,1399960.4,1720221.91,deepar_exog
39,2012-08-24,1381460.1,1724669.75,deepar_exog
39,2012-08-31,1378633.0,1710923.94,deepar_exog
39,2012-09-07,1456792.5,1609811.75,deepar_exog
39,2012-09-14,1374033.1,1447614.08,deepar_exog
39,2012-09-21,1359461.2,1555672.51,deepar_exog
39,2012-09-28,1361791.6,1495607.07,deepar_exog
39,2012-10-05,1418035.0,1574408.67,deepar_exog
39,2012-10-12,1402872.4,1494417.07,deepar_exog
39,2012-10-19,1391607.6,1577486.33,deepar_exog
39,2012-10-26,1394271.2,1569502.0,deepar_exog
40,2012-02-03,853936.94,979552.34,deepar_exog
40,2012-02-10,853918.6,999785.48,deepar_exog
40,2012-02-17,854029.5,975500.87,deepar_exog
40,2012-02-24,820154.75,919301.81,deepar_exog
40,2012-03-02,844034.3,927732.02,deepar_exog
40,2012-03-09,824875.75,954233.87,deepar_exog
40,2012-03-16,836416.6,891154.18,deepar_exog
40,2012-03-23,855366.4,844490.86,deepar_exog
40,2012-03-30,815704.75,871945.64,deepar_exog
40,2012-04-06,869267.7,1132064.23,deepar_exog
40,2012-04-13,875058.25,857811.17,deepar_exog
40,2012-04-20,903234.94,896979.93,deepar_exog
40,2012-04-27,879404.56,875372.91,deepar_exog
40,2012-05-04,926928.9,993311.59,deepar_exog
40,2012-05-11,933443.6,967729.35,deepar_exog
40,2012-05-18,936411.5,896295.41,deepar_exog
40,2012-05-25,942155.44,991054.49,deepar_exog
40,2012-06-01,983205.4,1037464.27,deepar_exog
40,2012-06-08,945405.44,1079386.88,deepar_exog
40,2012-06-15,957155.1,977950.28,deepar_exog
40,2012-06-22,960272.4,1033552.18,deepar_exog
40,2012-06-29,937851.4,988764.84,deepar_exog
40,2012-07-06,983992.06,1182901.56,deepar_exog
40,2012-07-13,961069.2,979848.71,deepar_exog
40,2012-07-20,960025.2,968502.38,deepar_exog
40,2012-07-27,938069.5,954396.85,deepar_exog
40,2012-08-03,975167.75,1068346.76,deepar_exog
40,2012-08-10,967574.8,1007906.43,deepar_exog
40,2012-08-17,962709.8,969387.48,deepar_exog
40,2012-08-24,927691.44,945318.47,deepar_exog
40,2012-08-31,928727.44,987264.67,deepar_exog
40,2012-09-07,970583.25,1088248.4,deepar_exog
40,2012-09-14,943218.2,901709.82,deepar_exog
40,2012-09-21,890609.44,899768.4,deepar_exog
40,2012-09-28,875738.75,919595.44,deepar_exog
40,2012-10-05,953774.4,1069112.0,deepar_exog
40,2012-10-12,920706.6,982523.26,deepar_exog
40,2012-10-19,912723.5,918170.5,deepar_exog
40,2012-10-26,901146.4,921264.52,deepar_exog
41,2012-02-03,1161402.6,1208825.6,deepar_exog
41,2012-02-10,1214235.2,1238844.56,deepar_exog
41,2012-02-17,1174249.2,1330451.46,deepar_exog
41,2012-02-24,1088305.2,1224915.66,deepar_exog
41,2012-03-02,1154749.5,1239813.26,deepar_exog
41,2012-03-09,1095606.8,1243814.77,deepar_exog
41,2012-03-16,1107163.2,1201511.62,deepar_exog
41,2012-03-23,1053027.5,1215354.38,deepar_exog
41,2012-03-30,1081964.4,1239423.19,deepar_exog
41,2012-04-06,1115850.4,1460234.31,deepar_exog
41,2012-04-13,1079960.4,1323004.73,deepar_exog
41,2012-04-20,1082077.6,1220815.33,deepar_exog
41,2012-04-27,1058123.6,1248950.65,deepar_exog
41,2012-05-04,1150162.5,1359770.73,deepar_exog
41,2012-05-11,1123700.6,1353285.1,deepar_exog
41,2012-05-18,1079518.1,1331514.44,deepar_exog
41,2012-05-25,1090153.6,1424500.47,deepar_exog
41,2012-06-01,1142777.6,1374891.36,deepar_exog
41,2012-06-08,1163899.5,1436383.84,deepar_exog
41,2012-06-15,1144061.6,1384584.59,deepar_exog
41,2012-06-22,1116626.1,1386407.17,deepar_exog
41,2012-06-29,1117621.1,1355600.01,deepar_exog
41,2012-07-06,1173505.2,1456300.89,deepar_exog
41,2012-07-13,1147316.8,1332594.07,deepar_exog
41,2012-07-20,1120813.6,1347175.93,deepar_exog
41,2012-07-27,1095242.1,1344723.97,deepar_exog
41,2012-08-03,1174102.8,1439607.35,deepar_exog
41,2012-08-10,1124158.9,1504545.94,deepar_exog
41,2012-08-17,1113192.1,1560590.05,deepar_exog
41,2012-08-24,1110169.0,1464462.85,deepar_exog
41,2012-08-31,1068008.5,1360517.52,deepar_exog
41,2012-09-07,1180461.8,1392143.82,deepar_exog
41,2012-09-14,1115489.5,1306644.25,deepar_exog
41,2012-09-21,1123209.0,1276609.36,deepar_exog
41,2012-09-28,1109915.5,1307928.01,deepar_exog
41,2012-10-05,1166904.6,1400160.95,deepar_exog
41,2012-10-12,1145251.4,1409544.97,deepar_exog
41,2012-10-19,1106679.2,1326197.24,deepar_exog
41,2012-10-26,1073612.8,1316542.59,deepar_exog
42,2012-02-03,524218.4,588448.21,deepar_exog
42,2012-02-10,507793.6,674919.45,deepar_exog
42,2012-02-17,498298.9,606671.5,deepar_exog
42,2012-02-24,497529.62,564304.15,deepar_exog
42,2012-03-02,519471.0,585895.34,deepar_exog
42,2012-03-09,511674.2,659816.15,deepar_exog
42,2012-03-16,499707.2,618767.26,deepar_exog
42,2012-03-23,486715.2,561226.38,deepar_exog
42,2012-03-30,501980.28,544408.14,deepar_exog
42,2012-04-06,510353.84,652312.11,deepar_exog
42,2012-04-13,506235.03,639123.45,deepar_exog
42,2012-04-20,502053.38,552529.23,deepar_exog
42,2012-04-27,497335.7,526625.49,deepar_exog
42,2012-05-04,518340.97,609274.89,deepar_exog
42,2012-05-11,494463.62,643603.69,deepar_exog
42,2012-05-18,502261.72,590636.38,deepar_exog
42,2012-05-25,491312.6,535764.58,deepar_exog
42,2012-06-01,516329.1,521953.78,deepar_exog
42,2012-06-08,509477.03,642671.48,deepar_exog
42,2012-06-15,494768.8,606309.13,deepar_exog
42,2012-06-22,481052.1,540031.29,deepar_exog
42,2012-06-29,487958.0,507403.77,deepar_exog
42,2012-07-06,510346.12,618702.09,deepar_exog
42,2012-07-13,497667.56,628099.08,deepar_exog
42,2012-07-20,484939.7,530318.39,deepar_exog
42,2012-07-27,467260.6,516352.21,deepar_exog
42,2012-08-03,500344.03,573084.71,deepar_exog
42,2012-08-10,492569.3,576620.31,deepar_exog
42,2012-08-17,475980.2,575997.78,deepar_exog
42,2012-08-24,477175.53,535537.03,deepar_exog
42,2012-08-31,467569.25,504760.57,deepar_exog
42,2012-09-07,504646.47,617405.35,deepar_exog
42,2012-09-14,477502.72,586737.66,deepar_exog
42,2012-09-21,475124.9,527165.7,deepar_exog
42,2012-09-28,454610.12,505978.46,deepar_exog
42,2012-10-05,487209.1,593162.53,deepar_exog
42,2012-10-12,478917.88,612379.9,deepar_exog
42,2012-10-19,470522.03,541406.98,deepar_exog
42,2012-10-26,455029.56,514756.08,deepar_exog
43,2012-02-03,595763.2,629176.71,deepar_exog
43,2012-02-10,609716.1,662198.65,deepar_exog
43,2012-02-17,596542.5,660632.05,deepar_exog
43,2012-02-24,572125.4,613042.97,deepar_exog
43,2012-03-02,594605.7,693249.98,deepar_exog
43,2012-03-09,607132.0,636677.67,deepar_exog
43,2012-03-16,598208.3,661707.02,deepar_exog
43,2012-03-23,579155.9,610940.94,deepar_exog
43,2012-03-30,593141.6,623258.4,deepar_exog
43,2012-04-06,613434.8,658468.27,deepar_exog
43,2012-04-13,608865.44,665687.92,deepar_exog
43,2012-04-20,594962.25,638144.98,deepar_exog
43,2012-04-27,602937.56,593138.59,deepar_exog
43,2012-05-04,629256.2,637964.2,deepar_exog
43,2012-05-11,602542.6,640159.04,deepar_exog
43,2012-05-18,607086.06,648541.81,deepar_exog
43,2012-05-25,605397.75,597406.39,deepar_exog
43,2012-06-01,620580.25,605078.62,deepar_exog
43,2012-06-08,618049.25,643032.51,deepar_exog
43,2012-06-15,617433.94,634815.1,deepar_exog
43,2012-06-22,607336.56,613270.79,deepar_exog
43,2012-06-29,593536.75,593128.13,deepar_exog
43,2012-07-06,595616.8,645618.59,deepar_exog
43,2012-07-13,593858.6,627634.04,deepar_exog
43,2012-07-20,591818.06,596554.05,deepar_exog
43,2012-07-27,574120.5,572447.52,deepar_exog
43,2012-08-03,604901.3,614378.94,deepar_exog
43,2012-08-10,590857.44,643558.78,deepar_exog
43,2012-08-17,593726.4,640210.85,deepar_exog
43,2012-08-24,583313.06,598234.64,deepar_exog
43,2012-08-31,568543.94,593141.29,deepar_exog
43,2012-09-07,598128.6,663814.18,deepar_exog
43,2012-09-14,571629.3,625196.94,deepar_exog
43,2012-09-21,572489.5,601990.02,deepar_exog
43,2012-09-28,572638.6,577792.32,deepar_exog
43,2012-10-05,587705.0,642614.89,deepar_exog
43,2012-10-12,579608.44,619369.72,deepar_exog
43,2012-10-19,586537.3,623919.23,deepar_exog
43,2012-10-26,569898.94,587603.55,deepar_exog
44,2012-02-03,262451.2,325986.05,deepar_exog
44,2012-02-10,254644.73,325377.97,deepar_exog
44,2012-02-17,253551.77,320691.21,deepar_exog
44,2012-02-24,240170.81,315641.8,deepar_exog
44,2012-03-02,252360.31,316687.22,deepar_exog
44,2012-03-09,251548.77,303438.24,deepar_exog
44,2012-03-16,259816.23,331965.95,deepar_exog
44,2012-03-23,254906.84,296947.06,deepar_exog
44,2012-03-30,257060.64,310027.29,deepar_exog
44,2012-04-06,273717.28,320021.1,deepar_exog
44,2012-04-13,277875.75,311390.22,deepar_exog
44,2012-04-20,266936.8,323233.8,deepar_exog
44,2012-04-27,272176.8,330338.36,deepar_exog
44,2012-05-04,284628.75,326053.28,deepar_exog
44,2012-05-11,282879.75,341381.08,deepar_exog
44,2012-05-18,279518.47,334042.43,deepar_exog
44,2012-05-25,275055.9,343268.29,deepar_exog
44,2012-06-01,290782.25,323410.94,deepar_exog
44,2012-06-08,287869.56,340238.38,deepar_exog
44,2012-06-15,278529.1,338400.82,deepar_exog
44,2012-06-22,275922.78,336241.0,deepar_exog
44,2012-06-29,274028.44,338386.08,deepar_exog
44,2012-07-06,286537.53,358461.58,deepar_exog
44,2012-07-13,285101.25,336479.49,deepar_exog
44,2012-07-20,277665.56,337819.16,deepar_exog
44,2012-07-27,269454.75,319855.26,deepar_exog
44,2012-08-03,285301.62,342385.38,deepar_exog
44,2012-08-10,290983.53,333594.81,deepar_exog
44,2012-08-17,281845.25,327389.51,deepar_exog
44,2012-08-24,276589.47,337985.74,deepar_exog
44,2012-08-31,268411.1,339490.69,deepar_exog
44,2012-09-07,279227.6,338737.33,deepar_exog
44,2012-09-14,272029.2,347726.67,deepar_exog
44,2012-09-21,266264.5,336017.6,deepar_exog
44,2012-09-28,265333.44,355307.94,deepar_exog
44,2012-10-05,277394.1,337390.44,deepar_exog
44,2012-10-12,267601.2,337796.13,deepar_exog
44,2012-10-19,261771.55,323766.77,deepar_exog
44,2012-10-26,265343.03,361067.07,deepar_exog
45,2012-02-03,727963.5,757330.95,deepar_exog
45,2012-02-10,718518.3,803657.12,deepar_exog
45,2012-02-17,753852.3,858853.75,deepar_exog
45,2012-02-24,700179.8,753060.78,deepar_exog
45,2012-03-02,721731.5,782796.01,deepar_exog
45,2012-03-09,712344.5,776968.87,deepar_exog
45,2012-03-16,688923.75,788340.23,deepar_exog
45,2012-03-23,684454.8,791835.37,deepar_exog
45,2012-03-30,671900.3,777254.06,deepar_exog
45,2012-04-06,708008.5,899479.43,deepar_exog
45,2012-04-13,702355.94,781970.6,deepar_exog
45,2012-04-20,704641.6,776661.74,deepar_exog
45,2012-04-27,687835.6,711571.88,deepar_exog
45,2012-05-04,725527.5,782300.68,deepar_exog
45,2012-05-11,715772.5,770487.37,deepar_exog
45,2012-05-18,726092.56,800842.28,deepar_exog
45,2012-05-25,700216.4,817741.17,deepar_exog
45,2012-06-01,748588.6,837144.63,deepar_exog
45,2012-06-08,717105.44,795133.0,deepar_exog
45,2012-06-15,719173.6,821498.18,deepar_exog
45,2012-06-22,709837.44,822569.16,deepar_exog
45,2012-06-29,703019.75,773367.71,deepar_exog
45,2012-07-06,749996.3,843361.1,deepar_exog
45,2012-07-13,718107.1,749817.08,deepar_exog
45,2012-07-20,722137.8,737613.65,deepar_exog
45,2012-07-27,696597.06,711671.58,deepar_exog
45,2012-08-03,729522.6,725729.51,deepar_exog
45,2012-08-10,724385.06,733037.32,deepar_exog
45,2012-08-17,699888.2,722496.93,deepar_exog
45,2012-08-24,688041.8,718232.26,deepar_exog
45,2012-08-31,686745.4,734297.87,deepar_exog
45,2012-09-07,725056.0,766512.66,deepar_exog
45,2012-09-14,687333.94,702238.27,deepar_exog
45,2012-09-21,689712.5,723086.2,deepar_exog
45,2012-09-28,684286.0,713173.95,deepar_exog
45,2012-10-05,721442.2,733455.07,deepar_exog
45,2012-10-12,695086.56,734464.36,deepar_exog
45,2012-10-19,705449.44,718125.53,deepar_exog
45,2012-10-26,694262.9,760281.43,deepar_exog
